del_code;del_nom_fr;del_nom_ar;gou_code;gou_nom;gou_cap;gou_cap_dist;reg_code;reg_nom;popto_2004;popco_2004;immig_2004;emigr_2004;mobil_2004;menag_2004;ordin_2004;porta_2004;telef_2004;popto_2014;popco_2014;immig_2014;emigr_2014;mobil2014;menag_2014;ordin_2014;porta_2014;telef_2014;popto_2010;surfa_2010;idr_2011
NE.TU.CA;Carthage;قرطاج;TU;Tunis;1;1;NE;Nord-est;20715;20715;3265;2379;5644;5640;1410;3892;3440;24216;24216;2285;17109;19394;6727;4186;6643;3199;21127;8,302;0,513
NE.TU.MD;Medina;المدينة;TU;Tunis;0;16,9;NE;Nord-est;26703;4733;2771;42243;45014;7584;538;3701;3322;21400;21400;1823;29460;31283;6221;2646;5962;1942;25757;1,523;0,418
NE.TU.BB;Bab Bhar;باب بحر;TU;Tunis;0;15,5;NE;Nord-est;39806;39806;6812;12701;19513;12654;2101;9440;6960;36210;36210;5887;3643;9530;11821;7313;11672;3737;36753;5,721;1
NE.TU.BS;Bab Souika;باب سويقة;TU;Tunis;0;17,1;NE;Nord-est;33284;33284;2548;7199;9747;9038;633;4935;4121;29185;29185;2589;6654;9243;8517;3849;8327;2328;31762;2,218;0,922
NE.TU.OM;Omrane;العمران;TU;Tunis;0;17,5;NE;Nord-est;40801;40801;3645;4446;8091;9804;1137;5167;4637;42208;42208;4865;4758;9623;11483;5303;11240;3477;41702;4,922;0,42
NE.TU.OS;Omrane Supérieur;العمران  الأعلى;TU;Tunis;0;19,7;NE;Nord-est;62138;62138;8805;6375;15180;14944;2257;9998;7950;55513;55513;4927;5363;10290;15070;7957;14846;5840;65237;3,374;0,462
NE.TU.TA;El Tahrir;التحرير;TU;Tunis;0;20,2;NE;Nord-est;21956;21956;3790;2758;6548;5445;958;4057;3055;21709;21709;2544;2937;5481;5898;3515;5827;2369;22980;1,809;0,501
NE.TU.MZ;El Menzah;المنزه;TU;Tunis;0;16,6;NE;Nord-est;43320;43320;5995;6856;12851;11881;5881;10360;9136;41830;41830;5436;9178;14614;12547;10358;12468;8590;46346;10,732;0,654
NE.TU.KH;Cité Elkhadra;حي الخضراء;TU;Tunis;0;11,7;NE;Nord-est;36818;36818;6755;4073;10828;10100;2929;8050;6151;35173;35173;4872;3797;8669;9851;7037;9804;4469;38860;19,758;0,791
NE.TU.LB;Bardo;باردو;TU;Tunis;0;20,3;NE;Nord-est;70244;70244;8507;12838;21345;17799;3239;12281;10662;71961;71961;7604;11455;19059;21289;13048;21025;8826;68560;6,795;0,476
NE.TU.SI;Sijoumi;السيجومي;TU;Tunis;0;17,9;NE;Nord-est;36171;36171;1944;4285;6229;7700;200;3188;3419;33870;33870;1470;4007;5477;8822;2427;8535;1539;34361;2,044;0,317
NE.TU.EZ;Ezzouhour;الزهور;TU;Tunis;0;20,2;NE;Nord-est;40434;40434;3915;6335;10250;9436;717;5473;5011;40728;40728;2229;5247;7476;11148;5016;10971;3276;39198;2,842;0,38
NE.TU.BO;Bouhaira;الحرايرية;TU;Tunis;0;26,7;NE;Nord-est;96245;96245;10600;3513;14113;21110;1034;10808;7980;110184;110184;11515;4278;15793;28211;11412;27740;6034;98606;24,253;0,422
NE.TU.SH;Sidi Hassine;سيدي حسين;TU;Tunis;0;26,8;NE;Nord-est;79381;79381;10625;1699;12324;16960;356;7496;3460;109672;109672;11849;2670;14519;26501;6599;26119;1228;85425;67,351;0,397
NE.TU.OU;El Ourdia;الوردية;TU;Tunis;0;17,4;NE;Nord-est;33734;33734;2356;6430;8786;8650;675;4230;4740;32147;32147;1704;5281;6985;8560;4012;8379;3037;32936;4,171;0,401
NE.TU.KA;Kabaria;الكبارية;TU;Tunis;0;17,3;NE;Nord-est;81261;81261;10131;3153;13284;18405;1656;9883;9534;86024;86024;8086;3277;11363;21902;10288;21585;6402;83516;14,339;0,428
NE.TU.SB;Sidi El Bechir;سيدي البشير;TU;Tunis;0;16,6;NE;Nord-est;29911;29911;3246;2778;6024;8268;794;4440;4390;27749;27749;3391;2174;5565;8249;3954;8055;2905;27517;2,697;0,545
NE.TU.JJ;Jebel Jelloud;جبل الجلود;TU;Tunis;0;15,9;NE;Nord-est;26490;26490;1550;2285;3835;6111;183;2487;2640;23638;23638;1304;1737;3041;5923;1640;5772;1107;26056;5,326;0,356
NE.TU.LG;La Goulette;حلق الوادي;TU;Tunis;0;4,9;NE;Nord-est;28407;28407;3981;2765;6746;7327;1458;5319;3913;45711;45711;11580;2856;14436;12658;9217;12555;6225;28986;11,98;0,61
NE.TU.HA;Hrairia;الكرم;TU;Tunis;0;5,8;NE;Nord-est;58152;58152;7522;3212;10734;14742;1872;8875;7695;74132;74132;10994;3885;14879;19952;11909;19702;7969;60927;10,348;0,48
NE.TU.LM;La Marsa;المرسى;TU;Tunis;0;5,9;NE;Nord-est;77890;77890;7386;5026;12412;20420;4166;13477;11987;92987;92987;8639;7960;16599;26062;15262;25844;10927;82057;31,571;0,588
NE.AN.AR;Ariana Ville;أريانة المدينة;AN;Ariana;1;1;NE;Nord-est;97687;97687;16961;15426;32387;27468;9751;22524;18596;114486;114486;15637;20448;36085;32498;25474;32308;19942;109500;18,612;0,638
NE.AN.LS;Soukra;سكرة;AN;Ariana;0;6,7;NE;Nord-est;89151;89151;19129;2832;21961;21590;2979;13321;9262;129693;129693;20786;5528;26314;33981;18191;33683;9831;107829;27,895;0,557
NE.AN.RA;Raoued;رواد;AN;Ariana;0;8,8;NE;Nord-est;60896;53911;14053;1443;15496;14276;2327;9022;6339;106414;94961;20128;2521;22649;27574;14284;27338;7505;77419;57,08;0,531
NE.AN.KA;kalaât El Andalous;قلعة الاندلس;AN;Ariana;0;19,8;NE;Nord-est;23045;15313;728;528;1256;4709;188;1865;829;26796;18211;1104;752;1856;6554;1701;6305;428;24367;188,206;0,383
NE.AN.ST;Sidi Thabet;سيدي ثابت;AN;Ariana;0;15;NE;Nord-est;19404;8909;1298;723;2021;4215;181;1775;1176;24503;11351;1997;822;2819;5922;1723;5811;637;20231;97,08;0,358
NE.AN.ET;Cité Ettathamen;حي التضامن;AN;Ariana;0;8,8;NE;Nord-est;78311;78311;5651;5245;10896;11950;430;4505;3824;84312;84312;5028;6752;11780;22087;6836;21715;3496;82922;3,376;0,386
NE.AN.MN;Mnihla;المنيهلة;AN;Ariana;0;8;NE;Nord-est;53752;40176;7258;985;8243;17119;685;7087;7019;89884;58641;14400;1828;16228;22781;8326;22531;4249;69247;22,907;0,466
NE.BA.BA;Ben Arous;بن عروس;BA;Ben Arous;1;1;NE;Nord-est;32329;32329;3963;9381;13344;7941;834;4908;4002;31128;31128;2392;8495;10887;8506;4339;8363;2918;30378;6,644;0,489
NE.BA.NM;Nouvelle Medina;المدينة الجديدة;BA;Ben Arous;0;3,5;NE;Nord-est;42603;42603;6070;2295;8365;9702;1310;5879;5094;57194;57194;7961;2588;10549;15026;8321;14901;5262;45884;8,114;0,468
NE.BA.MJ;El Mourouj;المروج;BA;Ben Arous;0;3,6;NE;Nord-est;81986;81986;21829;5773;27602;19597;3625;14365;10582;104538;104538;15774;8720;24494;27164;17958;27023;11024;113339;16,099;0,557
NE.BA.HL;Hammam Lif;حمام الانف;BA;Ben Arous;0;12,2;NE;Nord-est;38401;38401;3130;4802;7932;9898;1089;5830;4880;42518;42518;3338;3773;7111;11634;6042;11453;4181;38631;11,516;0,439
NE.BA.HC;Hammam Chott;حمام الشط;BA;Ben Arous;0;16;NE;Nord-est;24847;24847;4997;1551;6548;5808;1028;4002;3020;31858;31858;4459;2285;6744;8429;4919;8371;3203;29153;26,187;0,456
NE.BA.BE;Bou Mhel El Bassatine;بومهل البساتين;BA;Ben Arous;0;9,5;NE;Nord-est;27977;27977;5831;1135;6966;6498;1176;4178;2755;40101;40101;5855;1883;7738;10066;5494;9970;3110;35185;20,057;0,51
NE.BA.EZ;Ezzahra;الزهراء;BA;Ben Arous;0;7,4;NE;Nord-est;31792;31792;5508;3991;9499;8462;1963;6397;4747;34962;34962;3957;3803;7760;9996;6471;9901;4901;33665;7,081;0,523
NE.BA.RA;Radès;رادس;BA;Ben Arous;0;6,8;NE;Nord-est;44857;44857;7221;3708;10929;11295;1818;7218;5580;59998;59998;7089;4039;11128;16146;9552;15983;6072;48087;19,213;0,504
NE.BA.ME;Megrine;مقرين;BA;Ben Arous;0;3,7;NE;Nord-est;24031;24031;1880;2872;4752;5995;1133;3897;3981;26720;26720;2028;2527;4555;7154;4064;7048;3062;22189;11,712;0,54
NE.BA.MH;M Hamdia;المحمدية;BA;Ben Arous;0;17,9;NE;Nord-est;46613;40662;6451;2327;8778;9546;344;4133;3647;66439;61060;7175;2672;9847;15992;5410;15814;2367;52104;96,241;0,37
NE.BA.FO;Fouchana;فوشانة;BA;Ben Arous;0;7,4;NE;Nord-est;56628;33958;8910;2695;11605;11994;504;5481;3958;74868;45107;9787;3061;12848;18750;6616;18512;3609;66484;37,346;0,475
NE.BA.MR;Mornag;مرناق;BA;Ben Arous;0;18,4;NE;Nord-est;53709;33137;3515;1836;5351;11165;525;5047;3461;61518;38528;3241;2211;5452;14948;4443;14661;2070;56366;396,661;0,416
NE.MN.MA;Manouba;منوبة;MN;Manubah;1;1;NE;Nord-est;51398;51398;7033;9466;16499;12230;2397;8182;6751;58792;58792;7618;10081;17699;16481;10260;16289;6155;55043;11,9;0,57
NE.MN.DH;Douar Hicher;دوار هيشر;MN;Manubah;0;3,3;NE;Nord-est;75959;75535;7514;1518;9032;15652;454;5744;5306;84090;82532;5795;1940;7735;20773;5645;20421;2406;83317;9,6;0,398
NE.MN.OE;Oued Elil;واد الليل;MN;Manubah;0;7,8;NE;Nord-est;58544;47614;6450;2109;8559;12325;727;5472;4955;69317;57851;5803;2244;8047;17955;6414;17532;3200;66223;56,4;0,422
NE.MN.MO;Mornaguia;المرناقية;MN;Manubah;0;18;NE;Nord-est;35129;13691;2806;1352;4158;7225;419;3417;2406;42687;19834;3868;1431;5299;10359;3606;10128;1694;33286;249,1;0,383
NE.MN.BA;Borj El Amri;برج العامري;MN;Manubah;0;24,3;NE;Nord-est;16184;5556;842;892;1734;3275;82;1215;668;17408;6519;910;864;1774;4154;990;4033;394;24440;174,8;0,318
NE.MN.JE;Jedaida;الجديدة;MN;Manubah;0;17,6;NE;Nord-est;40327;24746;2445;1638;4083;8334;258;3017;1992;44748;28660;2511;1281;3792;10797;2523;10520;801;43216;179,3;0,35
NE.MN.TE;Tebourba;طبربة;MN;Manubah;0;31,6;NE;Nord-est;41050;24175;1628;2294;3922;8203;254;2527;1903;43499;27545;1663;1983;3646;10319;2465;9949;1172;42606;279,8;0,319
NE.MN.BT;El Battan;البطان;MN;Manubah;0;30,1;NE;Nord-est;17321;5761;716;444;1160;3506;88;1213;680;18977;6453;675;442;1117;4567;861;4455;357;17740;151,4;0,279
NE.NB.NA;Nabeul;نابل;NB;Nabeul;1;1;NE;Nord-est;59490;56387;4838;7360;12198;15742;2062;9666;6690;73128;70437;6480;9213;15693;19573;9480;19089;5886;61366;71,6;0,523
NE.NB.DC;Dar Chaabane;دار شعبان الفهري;NB;Nabeul;0;6,7;NE;Nord-est;39477;35859;3406;1099;4505;9458;880;5306;3102;46781;42140;3896;1491;5387;12011;4792;11671;2760;44322;71,9;0,456
NE.NB.BR;Beni Khiar;بني خيار;NB;Nabeul;0;11,5;NE;Nord-est;35565;29898;2055;937;2992;8438;641;4506;2920;43132;36682;3041;1129;4170;11316;4355;10998;2082;38035;106;0,424
NE.NB.KO;Korba;قربة;NB;Nabeul;0;21,4;NE;Nord-est;60564;42420;2060;1600;3660;13649;710;6019;4272;68964;48290;2995;1878;4873;17599;5186;17023;2591;64080;206,1;0,392
NE.NB.MT;Menzel Temime;منزل تميم;NB;Nabeul;0;43,6;NE;Nord-est;59463;39326;1387;2285;3672;13449;686;4546;4142;65645;44381;1518;2203;3721;16897;3964;16235;1656;62003;260,8;0,357
NE.NB.MI;El Mida;الميدة;NB;Nabeul;0;32,6;NE;Nord-est;23667;3437;650;722;1372;5215;73;1304;928;26995;4155;713;601;1314;6930;901;6403;366;23879;154,4;0,339
NE.NB.KE;Kelibia;قليبية;NB;Nabeul;0;56,5;NE;Nord-est;53648;48210;2815;2242;5057;13263;862;6061;5093;58491;51910;2682;2726;5408;15405;4835;14856;2444;58418;128;0,38
NE.NB.HG;Hammam Ghezaz;حمام الغزاز;NB;Nabeul;0;63;NE;Nord-est;14324;11998;632;566;1198;3261;101;1203;1004;15727;13634;1132;500;1632;4161;1066;3998;376;14477;77,8;0,293
NE.NB.HR;Haouaria;الهوارية;NB;Nabeul;0;60,7;NE;Nord-est;39378;9273;955;1460;2415;8706;226;2655;1898;41317;9508;982;1706;2688;10493;1609;10024;892;39833;332,4;0,304
NE.NB.TA;Takelsa;تاكلسة;NB;Nabeul;0;39,1;NE;Nord-est;20169;20169;552;692;1244;4141;66;1367;480;22151;22151;597;804;1401;5307;716;5108;228;20705;270;0,298
NE.NB.SO;Sliman;سليمان;NB;Nabeul;0;32;NE;Nord-est;41846;32611;3729;1432;5161;10027;511;4542;2346;53491;41281;5740;1501;7241;13354;4722;12992;2185;45091;140,1;0,478
NE.NB.MB;Menzel Bouzelfa;منزل بوزلفة;NB;Nabeul;0;26,4;NE;Nord-est;33599;15670;876;1278;2154;7726;324;3222;1947;37860;18551;1469;1445;2914;9824;2649;9502;1227;34923;141,7;0,372
NE.NB.BD;Beni Khaled;بني خلاد;NB;Nabeul;0;18,2;NE;Nord-est;33897;19943;1944;940;2884;7652;367;3933;1875;37964;23325;2183;1286;3469;9677;2882;9413;1314;35994;118,1;0,399
NE.NB.GR;Grombelia;قرمبالية;NB;Nabeul;0;27,8;NE;Nord-est;55489;18856;3310;2064;5374;12496;750;5723;3574;67475;24299;4165;2430;6595;16916;5701;16312;2712;60826;298,1;0,458
NE.NB.BA;Bouargoub;بوعرقوب;NB;Nabeul;0;12,8;NE;Nord-est;27846;10311;1028;743;1771;5820;215;2631;1065;30942;11990;1346;714;2060;7435;1848;7123;577;29116;131,2;0,35
NE.NB.HM;Hammamet;الحمامات;NB;Nabeul;0;19,2;NE;Nord-est;95468;63116;5265;3027;8292;23648;1443;12983;6456;97855;73236;7599;3409;11008;25656;9992;25111;4699;114351;320,9;0,527
NE.ZA.ZA;Zaghouan;زغوان;ZA;Zaghouan;1;1;NE;Nord-est;34367;16037;2189;3201;5390;7828;438;3781;2254;38445;20798;2306;3810;6116;9743;3201;9458;1231;35436;421,2;0,417
NE.ZA.ZR;Zriba;الزريبة;ZA;Zaghouan;0;13;NE;Nord-est;20765;9002;940;544;1484;4531;113;1704;675;24617;11819;1328;527;1855;6179;1213;5932;512;21397;345;0,366
NE.ZA.BM;Bir Mchergua;بئر مشارقة;ZA;Zaghouan;0;22,3;NE;Nord-est;21508;11033;1638;766;2404;4330;108;1784;792;24387;13654;1543;622;2165;5811;1098;5641;255;23722;549,3;0,425
NE.ZA.FA;Fahs;الفحص;ZA;Zaghouan;0;34,8;NE;Nord-est;43678;19315;1523;2117;3640;9117;210;3610;1614;46449;23556;1457;1876;3333;11333;1882;10943;563;43915;938,7;0,297
NE.ZA.NA;Nadhour;الناظور;ZA;Zaghouan;0;37,8;NE;Nord-est;28550;5027;610;1030;1640;5288;32;1259;338;30366;7567;936;1117;2053;6857;469;6379;99;32733;350,1;0,162
NE.ZA.SA;Saouef;صواف;ZA;Zaghouan;0;23,6;NE;Nord-est;12095;0;280;307;587;2438;5;585;78;12681;0;432;497;929;2912;129;2733;28;12234;262,6;0,162
NE.BZ.BN;Bizerte Nord;بنزرت الشمالية;BZ;Bizerte;1;1;NE;Nord-est;75234;71492;4478;9488;13966;19240;2597;10447;9812;87307;83840;3954;10703;14657;23009;11594;22583;7647;77940;53,52;0,485
NE.BZ.ZA;Zarzouna;جرزونة;BZ;Bizerte;0;8,9;NE;Nord-est;24428;24428;3858;1349;5207;6563;322;3183;2113;24793;24793;2099;1288;3387;6245;2384;6119;1389;28195;7,12;0,423
NE.BZ.BS;Bizerte Sud;بنزرت الجنوبية;BZ;Bizerte;0;17,4;NE;Nord-est;45227;18451;2293;1058;3351;9837;226;3591;1820;55659;29797;3749;1028;4777;13766;2947;13381;990;46978;398,75;0,368
NE.BZ.SE;Sedjnene;سجنان;BZ;Bizerte;0;55,5;NE;Nord-est;42156;4737;754;1904;2658;8954;54;2059;484;40166;5645;500;2373;2873;9867;702;9377;164;42652;609,2;0,154
NE.BZ.JO;Joumine;جومين;BZ;Bizerte;0;62,3;NE;Nord-est;35213;0;739;1605;2344;6755;20;1229;68;29029;0;186;1116;1302;6455;163;6095;30;35513;558,27;0,14
NE.BZ.MA;Mateur;ماطر;BZ;Bizerte;0;39,6;NE;Nord-est;47562;31345;2108;3481;5589;10655;320;4209;2845;46975;32492;996;3092;4088;11829;2623;11399;1149;48110;564,54;0,346
NE.BZ.GH;Ghezella;غزالة;BZ;Bizerte;0;41,5;NE;Nord-est;27799;0;522;912;1434;6167;12;956;382;26977;0;439;706;1145;6565;367;6205;61;27005;403,89;0,166
NE.BZ.MB;Menzel Bourguiba;منزل بورقيبة;BZ;Bizerte;0;22,3;NE;Nord-est;54804;47742;1488;3592;5080;12998;585;4874;5290;61919;54536;1083;2636;3719;15850;4781;15361;3054;54612;121,38;0,406
NE.BZ.TI;Tinja;تينجة;BZ;Bizerte;0;22,2;NE;Nord-est;19444;17454;1368;269;1637;4420;274;1852;1998;23455;21139;1044;258;1302;5893;2212;5742;1425;19825;39,67;0,323
NE.BZ.UT;Utique;اوتيك;BZ;Bizerte;0;33,1;NE;Nord-est;18266;0;499;625;1124;3738;56;1581;318;19922;0;421;398;819;4848;664;4723;147;18513;386,93;0,325
NE.BZ.GM;Ghar El Meleh;غار الملح;BZ;Bizerte;0;31,1;NE;Nord-est;18525;8998;544;483;1027;4015;92;1478;956;19477;10512;482;365;847;4851;1114;4712;445;19004;95,26;0,358
NE.BZ.MJ;Menzel Djmil;منزل جميل;BZ;Bizerte;0;15,6;NE;Nord-est;39691;35168;3107;853;3960;9186;579;4060;3647;47224;41316;3487;1017;4504;11781;4638;11384;3537;43618;83,98;0,446
NE.BZ.AL;El Alia;العالية;BZ;Bizerte;0;22,6;NE;Nord-est;24539;16819;936;599;1535;5171;222;2115;1365;27075;18359;715;527;1242;6608;1664;6352;870;26771;81,92;0,396
NE.BZ.RJ;Ras Djbel;راس الجبل;BZ;Bizerte;0;27,1;NE;Nord-est;51240;42762;1703;1002;2705;12277;614;4825;4186;58241;48328;1375;1024;2399;14965;4697;14487;2486;55790;81,95;0,429
NO.BJ.BN;Béja Nord;باجة الشمالية;BJ;Beja;1;1;NO;Nord-ouest;67471;44179;3213;8280;11493;15867;730;6204;5189;71198;48986;3383;6887;10270;18235;5119;17445;2614;70167;416;0,339
NO.BJ.BS;Béja Sud;باجة الجنوبية;BJ;Beja;0;19,2;NO;Nord-ouest;38396;20188;2273;1585;3858;8890;587;3734;2658;38101;20974;2038;2114;4152;10084;2718;9647;1746;38084;456,64;0,299
NO.BJ.AM;Amdoun;عمدون;BJ;Beja;0;18,9;NO;Nord-ouest;22484;4960;675;1093;1768;4765;67;848;610;21187;5356;282;895;1177;5004;453;4667;233;22048;244,1;0,205
NO.BJ.NE;Nefza;نفزة;BJ;Beja;0;26,4;NO;Nord-ouest;53195;6039;1031;3425;4456;12045;120;2566;1156;48101;7302;682;2648;3330;12493;1196;11093;701;51678;618,45;0,173
NO.BJ.TB;Teboursouk;تبرسق;BJ;Beja;0;39,4;NO;Nord-ouest;24327;10987;631;1456;2087;5317;112;1526;1446;22115;11865;490;960;1450;5587;875;5296;674;23841;401,75;0,291
NO.BJ.TH;Tibar;تيبار;BJ;Beja;0;38;NO;Nord-ouest;10509;0;295;559;854;2560;79;883;356;11206;0;412;244;656;2920;358;2726;190;10217;109,5;0,241
NO.BJ.TT;Testour;تستور;BJ;Beja;0;31,6;NO;Nord-ouest;32772;12732;1170;1599;2769;7340;206;2077;1446;33613;13331;765;1115;1880;8291;1228;7665;761;32372;618,56;0,245
NO.BJ.GO;Goubellat;قبلاط;BJ;Beja;0;53;NO;Nord-ouest;16383;3741;420;643;1063;3086;22;839;179;15762;4128;226;552;778;3798;264;3618;149;16547;405,25;0,249
NO.BJ.MB;Mdjez Elbeb;مجاز الباب;BJ;Beja;0;37,8;NO;Nord-ouest;38964;20308;1575;2244;3819;8714;296;3398;2344;41749;22287;1161;1788;2949;10415;2496;10095;1412;40696;469,75;0,354
NO.JE.JN;Jendouba;جندوبة;JE;Jendouba;1;1;NO;Nord-ouest;68597;31167;5403;7283;12686;15189;896;6698;4891;72337;33642;2623;7976;10599;18291;5846;17620;2885;72860;239;0,291
NO.JE.JE;Jendouba Nord;جندوبة الشمالية;JE;Jendouba;0;14,5;NO;Nord-ouest;44195;12830;2758;3192;5950;9516;209;3331;1703;40779;12609;1665;936;2601;10542;1719;9869;822;45053;264;0,234
NO.JE.BS;Bou Salem;بوسالم;JE;Jendouba;0;19,4;NO;Nord-ouest;36061;14680;1100;4516;5616;8330;250;2999;1699;35501;14524;891;4077;4968;8944;1527;8563;661;33018;336,49;0,286
NO.JE.TA;Tabarka;طبرقة;JE;Jendouba;0;51,5;NO;Nord-ouest;45494;15634;2271;2520;4791;10497;336;4241;2446;48993;19770;1720;2017;3737;12770;2794;12019;1275;46699;369;0,273
NO.JE.AD;Ain Drahem;عين دراهم;JE;Jendouba;0;38,5;NO;Nord-ouest;40372;8888;1026;3302;4328;9228;138;2307;1504;35400;9659;576;3042;3618;9472;1128;8697;784;38379;501;0,089
NO.JE.FE;Fernana;فرنانة;JE;Jendouba;0;27,7;NO;Nord-ouest;52690;3206;769;1990;2759;11595;70;2145;487;47690;4615;576;1805;2381;12362;557;10860;216;53050;408;0,091
NO.JE.GH;Ghardimaou;غار الدماء;JE;Jendouba;0;42,6;NO;Nord-ouest;67955;19688;933;2389;3322;14336;201;4731;2710;64170;19495;481;2154;2635;16049;2288;15072;1831;70195;516,35;0,188
NO.JE.OM;Oued Mliz;وادي مليز;JE;Jendouba;0;24,3;NO;Nord-ouest;19015;2188;498;594;1092;4361;61;1653;432;17843;2388;323;418;741;4474;593;4226;430;18373;193,27;0,099
NO.JE.BB;Balta Bou Aouane;بلطة بوعوان;JE;Jendouba;0;28,9;NO;Nord-ouest;42229;5418;1339;247;1586;9825;157;2476;1012;38764;6294;1434;272;1706;10138;1260;9494;501;45176;274,89;0,16
NO.KF.KO;Kef Ouest;الكاف الغربية;KF;Le Kef;1;1;NO;Nord-ouest;29951;27472;2909;2126;5035;7107;377;2821;2885;33418;26138;3067;8612;11679;8974;3348;8702;1683;30622;225,4;0,331
NO.KF.KE;Kef Est;الكاف الشرقية;KF;Le Kef;0;24,2;NO;Nord-ouest;40456;17719;3214;10049;13263;10028;662;4192;4011;40288;28552;2599;2388;4987;10905;3803;10571;2208;40315;396,6;0,337
NO.KF.NE;Nebeur;نبر;KF;Le Kef;0;24,8;NO;Nord-ouest;28328;6330;582;1067;1649;6255;56;1714;669;25897;5477;556;846;1402;6605;590;6114;389;27910;729,4;0,141
NO.KF.SS;Sakiet Sidi Youssef;ساقية سيدي يوسف;KF;Le Kef;0;19;NO;Nord-ouest;20527;6196;510;1252;1762;4645;79;1059;660;17500;6335;485;782;1267;4767;514;4416;283;20207;731,31;0,102
NO.KF.TE;Tajerouine;تاجروين;KF;Le Kef;0;23,4;NO;Nord-ouest;30659;20396;1480;1984;3464;7155;186;2311;1832;27592;19354;1099;1370;2469;7420;1553;7120;1089;30270;668,57;0,212
NO.KF.KS;Kalaat Senan;قلعة سنان;KF;Le Kef;0;47,2;NO;Nord-ouest;16454;5044;585;1318;1903;3828;38;1018;792;15621;8145;550;636;1186;4052;713;3903;641;16051;516,06;0,141
NO.KF.KR;Kalaat Khesba;القلعة الخصبة;KF;Le Kef;0;51,1;NO;Nord-ouest;7353;2871;328;588;916;1744;26;628;361;6652;2558;271;284;555;1734;267;1658;232;7156;217,6;0,104
NO.KF.JE;Jerissa;الجريصة;KF;Le Kef;0;38,2;NO;Nord-ouest;11298;11298;438;957;1395;2787;64;853;1095;9807;9807;371;539;910;2877;649;2781;557;10974;174,61;0,14
NO.KF.KU;Ksour;القصور;KF;Le Kef;0;47,3;NO;Nord-ouest;17100;5357;400;890;1290;3451;52;942;507;15215;5576;487;601;1088;3671;488;3536;305;16888;456,45;0,171
NO.KF.DA;Dahmani;الدهماني;KF;Le Kef;0;29,1;NO;Nord-ouest;30749;14061;812;1854;2666;6609;126;1897;1652;27907;13240;800;1329;2129;6819;969;6445;642;30254;530;0,218
NO.KF.ES;Es Sers;السرس;KF;Le Kef;0;36,9;NO;Nord-ouest;25915;11927;928;1256;2184;5498;132;2084;1292;23259;12108;703;1105;1808;5884;1019;5660;539;26111;435;0,201
NO.SL.SN;Siliana Nord;سليانة الشمالية;SL;Siliana;1;1;NO;Nord-ouest;26102;16626;2085;7118;9203;5761;242;2402;1751;28907;20797;2267;6531;8798;7356;2087;7164;779;26971;379,11;0,325
NO.SL.SS;Siliana Sud;سليانة الجنوبية;SL;Siliana;0;15;NO;Nord-ouest;29286;7617;1332;1318;2650;6157;222;1847;1096;30233;10454;1656;1330;2986;7331;1447;7041;532;28972;478,79;0,256
NO.SL.BD;Bouarada;بوعرادة;SL;Siliana;0;42,4;NO;Nord-ouest;20877;12273;615;1433;2048;4504;99;1486;1194;20444;13162;399;1107;1506;4976;641;4824;412;20871;393,72;0,278
NO.SL.GA;Gaafour;قعفور;SL;Siliana;0;23,2;NO;Nord-ouest;17963;9358;689;1236;1925;4239;110;1378;1323;16934;10272;470;836;1306;4485;832;4252;606;17719;494,45;0,211
NO.SL.EL;El Krib;الكريب;SL;Siliana;0;39,5;NO;Nord-ouest;21546;7811;981;1123;2104;4629;65;1768;727;20155;7841;426;850;1276;5185;737;4971;366;21154;434,19;0,255
NO.SL.BR;Bourouis;بورويس;SL;Siliana;0;22,1;NO;Nord-ouest;15712;3700;317;1011;1328;3065;28;1152;414;12618;3258;211;354;565;3153;294;3051;107;15489;273,11;0,2
NO.SL.MA;Makthar;مكثر;SL;Siliana;0;26,7;NO;Nord-ouest;31139;12942;766;3384;4150;6020;187;1981;1258;29052;13542;587;2749;3336;6700;913;6468;358;30721;351,12;0,223
NO.SL.RO;Rouhia;الروحية;SL;Siliana;0;47,7;NO;Nord-ouest;29991;4307;685;1614;2299;5452;44;1330;420;25951;4675;534;1068;1602;5968;380;5385;128;31342;621,79;0,115
NO.SL.KI;Kesra;كسرى;SL;Siliana;0;31,9;NO;Nord-ouest;17763;2490;353;904;1257;3392;17;868;288;16404;2729;321;650;971;4017;268;3715;104;17458;438,68;0,124
NO.SL.BA;Bargou;برقو;SL;Siliana;0;31,5;NO;Nord-ouest;13823;4547;450;767;1217;2926;38;843;433;12482;4916;259;625;884;3239;351;3100;114;13552;442,7;0,175
NO.SL.LA;Laroussa;العروسة;SL;Siliana;0;41,5;NO;Nord-ouest;9783;2621;292;349;641;2303;37;776;649;9907;2905;361;425;786;2618;336;2508;205;9613;334,34;0,162
CE.SS.SM;Sousse Medina;سوسة المدينة;SS;Sousse;1;1;CE;Centre-est;29680;29680;4637;17760;22397;8621;1397;6061;4474;35288;35288;3881;19352;23233;10542;6174;10347;4066;29041;7,63;0,686
CE.SS.SR;Sousse Riadh;سوسة الرياض;SS;Sousse;0;6,8;CE;Centre-est;43555;43555;9099;2741;11839;9875;949;6162;4069;64557;64557;9019;3844;12863;16443;6957;16189;3657;53289;28,57;0,46538954637576
CE.SS.SJ;Sousse Jawhara;سوسة جوهرة;SS;Sousse;0;4,2;CE;Centre-est;62663;62663;14111;2296;16407;15822;3038;11550;8639;86517;86517;10918;3691;14609;24033;15136;23751;9571;75383;13,52;0,679
CE.SS.SS;Sousse Sidi Abedelhamid;سوسة سيدي عبد الحميد;SS;Sousse;0;3,8;CE;Centre-est;46257;46257;6900;1697;8597;10230;440;5514;3724;52787;52787;6975;2078;9053;12969;4119;12727;2082;53783;11,7;0,657
CE.SS.HS;Hammam Sousse;حمام سوسة;SS;Sousse;0;7;CE;Centre-est;34685;34685;4229;2130;6359;8746;1426;6061;4565;42691;42691;5340;2277;7617;12516;7289;12310;4573;39143;17,6;0,624
CE.SS.AK;Akouda;اكودة;SS;Sousse;0;14,3;CE;Centre-est;25717;21237;2516;1113;3629;6279;747;3799;3152;34494;27200;3125;923;4048;8604;4138;8473;2837;28672;45,22;0,551
CE.SS.KK;Kalaa Kebira;القلعة الكبرى;SS;Sousse;0;21;CE;Centre-est;51196;45990;1153;1178;2331;10709;525;5087;4337;59132;53323;936;974;1910;14229;3954;13770;2242;53977;244,43;0,432
CE.SS.SB;Sid Bou Ali;سيدي بوعلي;SS;Sousse;0;26,8;CE;Centre-est;17606;9011;667;610;1277;3920;212;1737;1192;19543;10282;554;726;1280;4868;1372;4691;532;18725;121,66;0,382
CE.SS.HE;Hergla;هرقلة;SS;Sousse;0;30;CE;Centre-est;7913;6332;368;285;653;1695;120;892;622;9343;7419;499;402;901;2287;778;2217;353;8354;96,71;0,407
CE.SS.EN;Enfidha;النفيضة;SS;Sousse;0;45,3;CE;Centre-est;43426;9981;1179;1399;2578;8405;227;3110;1673;49335;10990;805;1403;2208;10763;1931;10244;1005;45860;389,33;0,348
CE.SS.BO;Bouficha;بوفيشة;SS;Sousse;0;55,3;CE;Centre-est;23581;8701;1079;748;1827;4955;104;2012;575;26760;9931;792;730;1522;6194;1112;5950;427;25388;270,28;0,33
CE.SS.KO;Kondar;الكندار;SS;Sousse;0;37,9;CE;Centre-est;11636;0;223;368;591;2121;25;787;401;13565;3804;195;382;577;2834;235;2749;46;12320;198,55;0,313
CE.SS.SH;Sidi El Hèni;سيدي الهاني;SS;Sousse;0;32;CE;Centre-est;11614;3058;308;436;744;2390;26;1104;153;13505;2706;405;288;693;2986;361;2842;94;11900;367,34;0,297
CE.SS.MS;Msaken;مساكن;SS;Sousse;0;20,2;CE;Centre-est;85380;64165;4245;2076;6321;19423;1632;10547;10100;97225;73081;3638;2040;5678;24194;10063;23388;9084;90777;337,21;0,518
CE.SS.KS;Kalaâ Seghira;القلعة الصغرى;SS;Sousse;0;16,8;CE;Centre-est;27726;25078;3524;717;4241;6390;639;3157;2307;37797;34548;3495;559;4054;9430;3870;9165;2210;32012;106,04;0,421
CE.SS.ZK;Zaouia Ksiba Thrayet;زاوية قصيبة الثريات;SS;Sousse;0;6,8;CE;Centre-est;21778;21778;4549;1370;5920;4938;474;3081;2034;32279;32279;4510;1922;6432;8222;3478;8095;1829;26645;14,28;0,46538954637576
CE.MS.MS;Monastir;المنستير;MS;Monastir;1;1;CE;Centre-est;81294;81294;12093;5605;17698;21441;3238;15330;10292;104535;104535;11411;7525;18936;29178;16910;28749;9551;95876;67,3;0,62
CE.MS.OU;Ouerdanine;الوردانين;MS;Monastir;0;12,9;CE;Centre-est;18852;18852;1216;674;1890;3957;170;2121;1413;21814;21814;856;666;1522;5163;1821;5022;1136;20944;53,72;0,411
CE.MS.SA;Sahline;الساحلين;MS;Monastir;0;8,2;CE;Centre-est;21799;21799;1899;754;2653;4889;288;2743;2234;27449;27449;2120;798;2918;7077;2841;6925;1678;24944;44,33;0,465
CE.MS.ZA;Zarmdine;زرمدين;MS;Monastir;0;27,1;CE;Centre-est;25947;25947;649;717;1366;5221;136;2146;1316;29733;29733;2048;577;2625;6640;1600;6423;957;27041;193,74;0,339
CE.MS.BH;Beni Hassen;بني حسان;MS;Monastir;0;24,4;CE;Centre-est;12650;12650;542;329;871;2812;112;1268;790;13869;13869;460;409;869;3457;915;3324;510;13789;101,3;0,372
CE.MS.JA;Jammel;جمال;MS;Monastir;0;16,1;CE;Centre-est;55272;55272;3435;1780;5215;11578;533;5592;4515;65420;65420;2287;1592;3879;14975;4572;14677;2992;63281;146,89;0,466
CE.MS.BM;Benbla;بنبلة;MS;Monastir;0;8,4;CE;Centre-est;27382;27382;2757;528;3285;5522;243;2728;1872;32555;32555;961;602;1563;7318;2263;7073;1002;31798;49,86;0,468
CE.MS.MK;Moknine;المكنين;MS;Monastir;0;24,9;CE;Centre-est;75885;75885;2198;2081;4279;15554;669;7901;4884;89277;89277;2496;1890;4386;19804;5511;19269;2857;81468;196,69;0,446
CE.MS.BK;Bekalta;البقالطة;MS;Monastir;0;28,4;CE;Centre-est;13695;13695;539;525;1064;3037;146;1437;1537;17850;17850;673;2038;2711;4603;1561;4499;1045;14373;46,23;0,388
CE.MS.TE;Teboulba;طبلبة;MS;Monastir;0;21,8;CE;Centre-est;31154;31154;1643;941;2584;6536;458;3314;3529;37485;37485;1143;955;2098;9105;3491;8892;2686;34411;19,06;0,453
CE.MS.KH;Ksar Hlel;قصر هلال;MS;Monastir;0;15,5;CE;Centre-est;39991;39991;3379;1717;5096;9196;864;5564;4442;49376;49376;2203;2008;4211;12161;4927;11958;3446;45001;23,89;0,507
CE.MS.KM;Ksibet El Mediouni;قصيبة المديوني;MS;Monastir;0;12,3;CE;Centre-est;28722;28722;1801;641;2442;6149;596;3431;3093;34576;34576;1320;594;1914;8027;3522;7900;2091;31510;38,62;0,441
CE.MS.SL;Sayada- Lamta- Bouhjar;صيادة لمطة بوحجر;MS;Monastir;0;14,4;CE;Centre-est;22947;22947;1827;732;2559;5075;431;2989;2400;24889;24889;1214;770;1984;6087;2769;5979;2371;25163;12,68;0,472
CE.MH.MA;Mahdia;المهدية;MH;Mahdia;1;1;CE;Centre-est;71719;54902;5649;4616;10265;16444;1348;9110;6923;79545;62114;5092;5980;11072;20447;8176;19984;4707;77954;168;0,482
CE.MH.BO;Bou Merdes;بومرداس;MH;Mahdia;0;26,8;CE;Centre-est;29559;10167;802;651;1453;5824;70;2155;588;33890;11805;556;501;1057;7283;1037;7009;333;31593;193,99;0,309
CE.MH.OC;Ouled Chamekh;اولاد شامخ;MH;Mahdia;0;62,2;CE;Centre-est;22732;5093;403;902;1305;4500;32;1692;383;23020;5120;397;628;1025;4916;523;4776;149;22028;351,11;0,175
CE.MH.CR;Chorbane;شربان;MH;Mahdia;0;60,1;CE;Centre-est;28577;5849;430;1553;1983;5326;37;1592;170;25935;5700;632;975;1607;5882;540;5629;96;29732;443,54;0,224
CE.MH.HB;Hbira;هبيرة;MH;Mahdia;0;70,7;CE;Centre-est;11057;3179;345;536;881;2300;23;706;189;10654;3248;475;378;853;2523;257;2425;94;10581;271,64;0,19
CE.MH.SO;Souassi;السواسي;MH;Mahdia;0;45,4;CE;Centre-est;46276;4633;564;1952;2516;8417;76;3518;564;50424;5381;746;1313;2059;10327;932;10032;382;48438;349,87;0,264
CE.MH.JE;El Jem;الجم;MH;Mahdia;0;31,4;CE;Centre-est;41064;18302;913;1347;2260;8263;165;3380;1702;48611;21544;864;1358;2222;10858;1833;10396;910;42159;290,33;0,327
CE.MH.CB;Chebba;الشابة;MH;Mahdia;0;32,7;CE;Centre-est;23334;19883;1191;1000;2191;5985;317;2957;2957;24515;22227;1031;778;1809;6978;2466;6787;1774;24671;118,86;0,392
CE.MH.ME;Meloulech;ملولش;MH;Mahdia;0;38,1;CE;Centre-est;19464;6411;364;508;872;3869;31;1285;279;22085;6919;292;389;681;4766;558;4571;252;20328;157,45;0,259
CE.MH.SA;Sidi Alouane;سيدي علوان;MH;Mahdia;0;24,8;CE;Centre-est;35272;6651;807;883;1690;7289;124;2763;933;37767;7500;544;585;1129;8569;1276;8157;776;36797;290,86;0,265
CE.MH.KE;Ksour Essef;قصور الساف;MH;Mahdia;0;15,2;CE;Centre-est;48799;32635;1194;1166;2360;10980;406;4721;4293;54366;36246;890;1115;2005;12917;3476;12528;2284;49856;220,82;0,342
CE.SF.SM;Sfax Medina;صفاقس المدينة;SF;Sfax;1;1;CE;Centre-est;105958;105958;13415;26561;39976;28794;3772;17622;18169;101176;101176;9725;22661;32386;29107;14494;28394;12691;108279;27,09;0,555
CE.SF.SO;Sfax Ouest;صفاقس الغربية;SF;Sfax;0;4,4;CE;Centre-est;104998;104998;17961;6515;24476;26653;3385;16232;15965;110125;110125;11208;7251;18459;30371;14841;29861;11424;111597;15,58;0,572
CE.SF.SZ;Sakiet Ezzit;ساقية الزيت;SF;Sfax;0;15,7;CE;Centre-est;72481;68511;8514;4330;12844;17541;2193;9700;12173;87512;79543;8515;4079;12594;23096;10978;22546;10237;79735;96,65;0,478
CE.SF.SD;Sakiet Eddair;ساقية الدائر;SF;Sfax;0;11;CE;Centre-est;98988;94892;12881;3571;16452;23633;2056;12124;14463;113776;107267;9784;3289;13073;30277;12418;29612;10589;115214;113,3;0,465
CE.SF.SS;Sfax Sud;صفاقس الجنوبية;SF;Sfax;0;12,8;CE;Centre-est;101904;74655;8331;7176;15507;24215;2664;12035;16490;119139;84195;6747;6818;13565;31866;14057;31053;14079;114664;197,73;0,449
CE.SF.TI;Tina;طينة;SF;Sfax;0;11,8;CE;Centre-est;45647;26635;7410;1442;8852;10239;307;4413;5038;62997;33419;8544;1037;9581;15577;4576;15300;2747;58029;89,4;0,441
CE.SF.AG;Agareb;عقارب;SF;Sfax;0;30,1;CE;Centre-est;35841;9610;1256;1442;2698;7689;177;2445;1638;40943;11513;1161;1053;2214;9743;1543;9401;638;38158;737,07;0,292
CE.SF.DJ;Jebeniana;جبنيانة;SF;Sfax;0;39,7;CE;Centre-est;44029;6576;898;2000;2898;9502;171;2661;2214;49678;7190;620;1540;2160;11823;1948;11238;1220;47198;256,17;0,3
CE.SF.AM;EL Amra;العامرة;SF;Sfax;0;23,9;CE;Centre-est;28723;0;973;604;1577;6181;80;1768;1174;30599;0;863;450;1313;7501;966;7038;357;29939;183,09;0,3
CE.SF.HA;Hencha;الحنشة;SF;Sfax;0;42,6;CE;Centre-est;43170;6277;836;1718;2554;8831;97;3047;1060;49223;7575;1039;1264;2303;11385;1087;10972;265;44761;529,32;0,253
CE.SF.MC;Menzel Chaker;منزل شاكر;SF;Sfax;0;46,7;CE;Centre-est;34119;2212;762;2334;3096;7084;35;2586;666;37368;2278;726;2346;3072;8387;477;8104;164;34300;1563,7;0,332
CE.SF.GH;El Ghraiba;الغريبة;SF;Sfax;0;59;CE;Centre-est;14647;2570;319;715;1034;3029;21;830;473;15776;3251;262;530;792;3390;269;3278;139;14802;434,38;0,176
CE.SF.BA;Bir Ali Ben khlifa;بئر علي بن خليفة;SF;Sfax;0;64,7;CE;Centre-est;50059;4460;1024;3605;4629;9598;58;3311;749;52678;4905;840;2843;3683;11230;994;11004;359;50138;1205,85;0,186
CE.SF.SK;Skhira;الصخيرة;SF;Sfax;0;89,8;CE;Centre-est;29616;8627;739;1470;2209;5137;72;1788;524;34673;11912;1212;1226;2438;6807;936;6686;268;30705;904,03;0,246
CE.SF.MA;Mahres;المحرس;SF;Sfax;0;39;CE;Centre-est;30676;14499;1290;1649;2939;6506;247;2759;2407;34257;15878;1419;1059;2478;8311;2245;8037;2281;31849;445,65;0,347
CE.SF.KE;Kerkenah;قرقنة;SF;Sfax;0;41;CE;Centre-est;14400;14400;1311;1396;2707;3933;102;1196;2446;15501;15501;647;904;1551;3869;1314;3723;1303;14465;159,7;0,379
CO.KR.KN;Kairaouan Nord;القبروان الشمالية;KR;Kairouan;1;1;CO;Centre-ouest;83794;70097;4467;15689;20156;18600;763;8017;7087;96781;81736;5224;16866;22090;22999;7554;22354;4194;91572;250,3;0,369
CO.KR.KS;Kairouan Sud;القيروان الجنوبية;KR;Kairouan;0;19,7;CO;Centre-ouest;80444;47806;6288;3380;9668;16329;718;7119;5193;93101;57211;4856;4106;8962;21045;5855;20410;3203;86201;573,5;0,355
CO.KR.CR;Echbika;الشبيكة;KR;Kairouan;0;21,3;CO;Centre-ouest;33889;2505;321;1340;1661;6535;20;1588;497;35308;2921;683;1180;1863;7831;616;7476;138;33972;490,7;0,208
CO.KR.SB;Sbikha;السبيخة;KR;Kairouan;0;24,8;CO;Centre-ouest;67315;6776;769;2272;3041;12533;88;2807;1216;71922;8036;1045;2001;3046;16168;941;14906;369;68689;1047,1;0,209
CO.KR.OU;Oueslatia;الوسلاتية;KR;Kairouan;0;42,7;CO;Centre-ouest;36195;10095;510;2938;3448;7595;46;1413;911;34452;10763;452;1793;2245;8251;439;7674;368;33352;905,4;0,141
CO.KR.HF;Haffouz;حفوز;KR;Kairouan;0;45,6;CO;Centre-ouest;43792;8225;693;2394;3087;8036;80;2065;836;40066;8429;652;1828;2480;9261;740;8853;363;45656;618,9;0,208
CO.KR.AL;Alaa;العلاء;KR;Kairouan;0;48,6;CO;Centre-ouest;31773;2657;457;1943;2400;6149;12;1119;547;28991;3276;427;1537;1964;6555;351;6027;141;30088;371,8;0,092
CO.KR.HA;Hajeb El Ayoun;حاجب العيون;KR;Kairouan;0;62;CO;Centre-ouest;35403;9648;567;1570;2137;6735;40;1435;606;36137;10621;577;1233;1810;7778;513;7244;279;36010;608,1;0,196
CO.KR.NA;Nasrallah;نصرالله;KR;Kairouan;0;56,3;CO;Centre-ouest;37112;8410;345;2099;2444;7302;29;1446;869;33789;8882;463;1459;1922;8232;545;7644;302;36345;714,8;0,172
CO.KR.CB;Chrarda;الشراردة;KR;Kairouan;0;66,5;CO;Centre-ouest;25903;1387;284;1372;1656;5097;25;1442;219;27518;1705;347;610;957;6575;332;6283;94;25773;387,1;0,189
CO.KR.SA;Bouhajla;بوحجلة;KR;Kairouan;0;43,8;CO;Centre-ouest;70589;6002;518;3206;3724;13012;39;3396;924;72371;7828;527;2103;2630;15207;693;14194;264;71289;626,7;0,155
CO.KS.KN;Kasserine Nord;القصرين الشمالية;KS;Kasserine;1;1;CO;Centre-ouest;58343;55966;3578;10393;13971;12206;659;5639;4162;65322;62546;3431;9364;12795;15792;5454;15315;2509;62348;85,1;0,437
CO.KS.KS;Kasserine Sud;القصرين الجنوبية;KS;Kasserine;0;12,4;CO;Centre-ouest;21139;0;581;1746;2327;3916;12;1049;168;21653;0;1002;1702;2704;4614;473;4401;93;22159;894,6;0,095
CO.KS.EZ;Ezzouhour;الزهور;KS;Kasserine;0;9,4;CO;Centre-ouest;20277;20277;1052;667;1719;4034;109;1557;1093;21819;21819;818;530;1348;4874;1243;4712;602;21255;31,5;0,185
CO.KS.HF;Hassi El Ferid;حاسي الفريد;KS;Kasserine;0;32,4;CO;Centre-ouest;16890;0;239;1305;1544;3215;3;727;55;19400;0;123;637;760;3746;39;3458;16;17803;944,5;0
CO.KS.ST;Sbeitla;سبيطلة;KS;Kasserine;0;29,7;CO;Centre-ouest;69539;20253;1223;3373;4596;13334;147;4214;1573;75245;23764;1430;2473;3903;16453;1785;15561;1115;72928;1114,8;0,213
CO.KS.SB;Sbiba;سبيبة;KS;Kasserine;0;50,3;CO;Centre-ouest;42091;5995;823;1919;2742;7502;45;2311;488;41189;6504;470;1593;2063;8408;520;7989;179;44378;450,7;0,115
CO.KS.DJ;Jedeliane;جدليان;KS;Kasserine;0;52,7;CO;Centre-ouest;13205;3990;376;656;1032;2496;12;444;150;12297;4352;241;449;690;2672;153;2509;50;13043;304,6;0,108
CO.KS.AY;Ayoun;العيون;KS;Kasserine;0;36,6;CO;Centre-ouest;18634;0;305;563;868;3474;7;528;87;19211;0;189;373;562;3990;72;3751;22;19291;403,4;0,005
CO.KS.TH;Thalla;تالة;KS;Kasserine;0;43,2;CO;Centre-ouest;34508;13968;714;3047;3761;7112;92;2048;1309;37128;18230;365;2295;2660;8151;1099;7826;720;33492;808,3;0,144
CO.KS.HI;Hidra;حيدرة;KS;Kasserine;0;49,4;CO;Centre-ouest;8716;3109;519;597;1116;1988;10;652;241;9762;3451;293;473;766;2416;224;2219;126;8179;449,6;0,078
CO.KS.FO;Foussana;فوسانة;KS;Kasserine;0;27,6;CO;Centre-ouest;41240;5622;679;1762;2441;7978;56;2258;678;41447;7703;685;1070;1755;8942;657;8418;267;42533;918,4;0,112
CO.KS.FE;Feriana;فريانة;KS;Kasserine;0;37,5;CO;Centre-ouest;45787;29990;1150;1769;2919;8474;93;2390;1059;51455;36504;1006;1251;2257;10752;1486;10235;839;49349;903,7;0,177
CO.KS.MB;Majel Bel Abbès;ماجل بلعباس;KS;Kasserine;0;54,2;CO;Centre-ouest;21909;5003;364;729;1093;3719;30;963;160;23315;6471;496;473;969;4482;352;4236;149;23569;943,4;0,044
CO.SZ.SO;Sidi Bouzid Ouest;سيدي بوزيد الغربية;SZ;Sidi Bou Zid;1;1;CO;Centre-ouest;65761;35913;3486;8788;12274;13445;511;6803;3402;73226;42063;3485;9152;12637;16861;4851;16402;1822;69673;420,2;0,309
CO.SZ.SE;Sidi Bouzid Est;سيدي بوزيد الشرقية;SZ;Sidi Bou Zid;0;19,1;CO;Centre-ouest;48371;4002;1079;2189;3268;9009;81;3180;694;49450;6221;2196;2000;4196;11110;1563;10686;346;52162;778,3;0,231
CO.SZ.JI;Jilma;جلمة;SZ;Sidi Bou Zid;0;39,3;CO;Centre-ouest;36861;5405;680;1574;2254;6354;38;1995;521;40239;5821;558;1187;1745;7881;698;7476;271;38057;603,1;0,123
CO.SZ.SA;Sabalat Ouled Asker;سبالة اولاد عسكر;SZ;Sidi Bou Zid;0;27,9;CO;Centre-ouest;18618;2506;318;557;875;3805;23;1275;240;20382;3361;555;386;941;4542;470;4101;249;19342;330,1;0,135
CO.SZ.BH;Bir Elhfay;بئر الحفي;SZ;Sidi Bou Zid;0;18,8;CO;Centre-ouest;33979;5589;781;1144;1925;6643;33;2079;658;38288;6475;859;718;1577;8174;806;7677;257;36019;532,3;0,165
CO.SZ.SB;Sidi Ali Ben Aoun;سيدي علي بوعون;SZ;Sidi Bou Zid;0;39,6;CO;Centre-ouest;24896;7403;372;812;1184;4673;42;1453;481;28214;9297;438;622;1060;5942;644;5672;262;26452;685,3;0,158
CO.SZ.MB;Menzel Bouzaine;منزل بوزيان;SZ;Sidi Bou Zid;0;45,7;CO;Centre-ouest;23668;5595;289;1100;1389;4913;20;1268;388;25321;7113;468;694;1162;5466;668;5215;252;24682;556;0,112
CO.SZ.ME;Meknassy;مكناسي;SZ;Sidi Bou Zid;0;50,2;CO;Centre-ouest;22617;13742;765;1600;2365;4605;78;1731;1211;23789;14773;706;1104;1810;5167;999;5011;425;22442;599,6;0,163
CO.SZ.SJ;Souk Jedid;سوق الجديد;SZ;Sidi Bou Zid;0;24,4;CO;Centre-ouest;19210;0;213;780;993;3630;15;1071;109;21660;0;233;704;937;4351;162;4229;298;18729;345,6;0,042
CO.SZ.MA;Mazzouna;مزونة;SZ;Sidi Bou Zid;0;72,7;CO;Centre-ouest;22839;6101;444;994;1438;3908;31;1040;387;24766;7390;539;942;1481;4757;409;4599;178;24026;1104,2;0,16
CO.SZ.RE;Rgueb;رقاب;SZ;Sidi Bou Zid;0;45,4;CO;Centre-ouest;58776;7892;1296;2730;4026;11190;45;4263;783;64998;11420;1770;1671;3441;14633;1357;14184;389;61270;1063,3;0,211
CO.SZ.OH;Ouled Haffouz;اولاد حفوز;SZ;Sidi Bou Zid;0;42,5;CO;Centre-ouest;19910;2145;504;2017;2521;4596;37;2008;519;19579;2494;416;875;1291;4668;447;4494;200;18020;351,2;0,164
SE.GB.GV;Gabes Medina;قابس المدينة;GB;Gabes;1;1;SE;Sud-est;47057;47057;4586;11031;15617;10778;938;6251;5637;46731;46731;3205;11160;14365;11916;5031;11736;3134;47426;48,25;0,381
SE.GB.GO;Gabes Ouest;قابس الغربية;GB;Gabes;0;12,6;SE;Sud-est;28389;26270;10096;1369;11465;5801;296;2721;2692;31768;29430;1956;2762;4718;7319;2662;7191;1650;31561;115;0,345
SE.GB.GS;Gabes Sud;قابس الجنوبية;GB;Gabes;0;11,1;SE;Sud-est;61699;57148;2296;2401;4697;13179;1806;8224;7103;74422;69626;10939;1126;12065;18357;9760;18195;5602;70553;245;0,404
SE.GB.GA;Ghannouch;غنوش;GB;Gabes;0;8,1;SE;Sud-est;22681;22681;546;509;1055;3615;47;994;806;28051;28051;537;453;990;5519;1375;5435;648;24609;19;0,312
SE.GB.ME;Metouia;المطوية;GB;Gabes;0;22,9;SE;Sud-est;25862;19004;1138;1111;2249;5266;442;2428;2501;27878;20648;901;792;1693;6510;2439;6410;1538;27032;333,35;0,309
SE.GB.MH;Menzel El Habib;منزل الحبيب;GB;Gabes;0;55,2;SE;Sud-est;11477;0;385;1275;1660;2122;11;802;106;10148;0;283;1030;1313;2019;128;1971;15;11215;1131;0,172
SE.GB.HA;Hamma;الحامة;GB;Gabes;0;51,1;SE;Sud-est;62390;34835;1715;2949;4664;11615;279;4088;4239;73512;41607;1904;2304;4208;14661;3607;14340;2103;63814;2318,6;0,222
SE.GB.MT;Matmata;مطماطة;GB;Gabes;0;58,7;SE;Sud-est;5766;2116;298;2440;2738;1395;7;353;301;4444;1847;123;1754;1877;1133;123;1085;138;5220;1185;0,171
SE.GB.MN;Matmata Nouvelle;مطماطة الجديدة;GB;Gabes;0;34,5;SE;Sud-est;15969;6642;1085;825;1910;3673;114;1634;1172;14224;7526;682;438;1120;3488;587;3389;384;15211;713;0,151
SE.GB.MR;Mareth;مارث;GB;Gabes;0;37,6;SE;Sud-est;61340;16128;1880;2482;4362;12259;245;4646;3187;63122;17305;1584;2198;3782;13861;3054;13561;2201;63108;1058,06;0,239
SE.ME.MN;Medenine Nord;مدنين الشمالية;ME;Medenine;1;1;SE;Sud-est;48102;40332;4691;5580;10271;9896;515;4493;4156;41533;35022;5326;5519;10845;13102;4427;12874;2295;52617;324;0,322
SE.ME.MS;Medenine Sud;مدنين الجنوبية;ME;Medenine;0;25,1;SE;Sud-est;48087;21373;2193;2610;4803;9226;471;4152;4447;40697;18487;4190;3531;7721;12247;4206;12012;2428;50358;688;0,298
SE.ME.BK;Beni Khadech;بني خداش;ME;Medenine;0;32,7;SE;Sud-est;28586;3071;836;2581;3417;5538;44;1412;1235;19823;2264;425;2246;2671;5848;560;5670;405;26786;1356;0,139
SE.ME.BG;Ben Guerdane;بن قردان;ME;Medenine;0;99,6;SE;Sud-est;70907;58101;2988;3027;6015;12968;246;5939;6264;59147;49288;2130;3167;5297;16512;4559;16219;2058;73349;4732;0,273
SE.ME.ZA;Zarzis;جرجيس;ME;Medenine;0;60,9;SE;Sud-est;73549;70895;3736;2826;6562;16191;761;8452;10265;56017;54023;2731;2887;5618;18920;6865;18476;7277;77323;867;0,365
SE.ME.DH;Houmt Souk;جربة حومة السوق;ME;Medenine;0;67,5;SE;Sud-est;64919;64919;5407;4003;9410;14767;1373;9421;7236;56605;56605;5307;4289;9596;19479;8634;19257;6223;70301;177;0,437
SE.ME.DM;Djerba Midoun;جربة ميدون;ME;Medenine;0;68,3;SE;Sud-est;50459;50459;5700;1831;7531;11361;579;6737;4669;47216;47216;5312;2606;7918;15690;5970;15489;4050;55067;209;0,39
SE.ME.DA;Djerba Ajim;جربة أجيم;ME;Medenine;0;57,1;SE;Sud-est;24166;24166;862;875;1737;5274;200;2495;2822;18152;18152;1064;1084;2148;5832;1917;5710;2121;24775;128;0,278
SE.ME.SM;Sidi Makhlouf;سيدي مخلوف;ME;Medenine;0;23,1;SE;Sud-est;23728;0;599;983;1582;4779;33;1410;1056;18936;0;832;878;1710;5647;597;5462;253;22612;686;0,152
SE.TA.TN;Tataouine Nord;تطاوين الشمالية;TA;Tataouine;1;1;SE;Sud-est;54362;37122;3444;4944;8388;9127;356;4354;4226;61431;44624;3319;5084;8403;11931;3430;11770;2915;57650,61566;2325;0,234
SE.TA.TS;Tataouine Sud;تطاوين الجنوبية;TA;Tataouine;0;53,3;SE;Sud-est;33783;22224;1861;1953;3814;6071;279;2799;3114;34344;22300;1888;1698;3586;7293;2370;7168;2159;34128,8291;2450;0,19
SE.TA.SA;Samar;الصمار;TA;Tataouine;0;28,9;SE;Sud-est;13826;0;546;613;1159;2493;45;1060;608;14793;0;639;490;1129;2940;526;2900;401;13930,23003;2004;0,122
SE.TA.BL;Bir  Lahmar;بئر الأحمر;TA;Tataouine;0;58,6;SE;Sud-est;9270;8418;814;513;1327;2149;56;954;956;8460;7955;525;383;908;2062;645;2020;631;8999,079687;200;0,192
SE.TA.GH;Ghomrassen;غمراسن;TA;Tataouine;0;60;SE;Sud-est;18335;11383;917;1569;2486;4186;134;2164;2478;15957;9568;862;1063;1925;4126;1461;4073;1962;16779,46488;666;0,167
SE.TA.DH;Dhiba;ذهيبة;TA;Tataouine;0;90,7;SE;Sud-est;3971;3971;296;425;721;776;21;249;192;4295;4295;216;265;481;777;175;772;20;4069,200852;3864;0,109
SE.TA.RE;Remada;رمادة;TA;Tataouine;0;147,4;SE;Sud-est;9977;4606;595;911;1506;1773;35;589;356;10173;6289;468;902;1370;1758;254;1738;130;10150,35119;27380;0,208
SO.GF.GN;Gafsa Nord;قفصة الشمالية;GF;Gafsa;1;1;SO;Sud-ouest;9407;0;622;8061;8683;1759;5;737;106;10022;0;430;8256;8686;2124;148;2055;156;10016;500;0,132
SO.GF.SA;Sidi Aich;سيدي عيش;GF;Gafsa;0;19,1;SO;Sud-ouest;8297;0;440;758;1198;1765;23;743;109;10084;0;450;326;776;2310;312;2228;92;8381;702,1;0,146
SO.GF.KS;Ksar;القصر;GF;Gafsa;0;25,1;SO;Sud-ouest;32186;29617;1822;958;2780;6833;574;3259;2904;36482;33729;1643;856;2499;8996;3079;8757;1423;35203;332,8;0,25
SO.GF.GS;Gafsa Sud;قفصة الجنوبية;GF;Gafsa;0;30,4;SO;Sud-ouest;90742;84676;6553;1412;7965;19604;1902;10704;8116;101148;95242;5747;1747;7494;24743;9993;24273;4679;103697;426,1;0,369
SO.GF.OL;Oum Larais;أم العرايس;GF;Gafsa;0;55,3;SO;Sud-ouest;31733;24487;617;2179;2796;6276;295;2228;1927;27012;21431;574;1416;1990;6207;1231;6051;655;31206;995,7;0,143
SO.GF.RE;Redeyef;الرديف;GF;Gafsa;0;75,1;SO;Sud-ouest;27940;26143;703;1924;2627;5350;214;1996;2268;26976;25046;478;1268;1746;6017;1452;5910;1254;27174;480,7;0,194
SO.GF.ME;Metlaoui;المتلوي;GF;Gafsa;0;58,2;SO;Sud-ouest;38938;37099;1335;2236;3571;8025;963;3988;3908;38634;38129;1033;1717;2750;8889;2967;8698;2233;37894;1113,4;0,206
SO.GF.MD;Mdhila;المظيلة;GF;Gafsa;0;46,3;SO;Sud-ouest;14841;12383;321;1138;1459;2867;204;1259;1187;15306;12814;493;678;1171;3260;967;3186;400;13802;680,4;0,118
SO.GF.GU;Guetar;القطار;GF;Gafsa;0;34,3;SO;Sud-ouest;19942;13554;819;1022;1841;4114;202;1325;1572;20137;14088;799;743;1542;4636;1424;4492;949;18658;910;0,144
SO.GF.BE;Belkhir;بلخير;GF;Gafsa;0;50,2;SO;Sud-ouest;15159;0;333;855;1188;2913;17;757;160;14784;0;624;783;1407;3081;211;2968;67;14242;839,5;0,073
SO.GF.SE;Sened;السند;GF;Gafsa;0;22,4;SO;Sud-ouest;34524;8931;710;1515;2225;6420;90;1746;758;36746;9533;658;1319;1977;7701;729;7405;361;36315;827,1;0,104
SO.TO.TO;Tozeur;توزر;TO;Tozeur;1;1;SO;Sud-ouest;39862;32400;2040;2949;4989;8578;532;4315;3894;46422;37370;2332;2894;5226;11235;4237;10996;1599;42560;840;0,335
SO.TO.DE;Degach;دقاش;TO;Tozeur;0;23,9;SO;Sud-ouest;26596;13685;1055;905;1960;5453;185;2072;2219;28543;14332;909;645;1554;6632;1604;6450;828;27401;998;0,2
SO.TO.TA;Tameghza;تمغزة;TO;Tozeur;0;48,7;SO;Sud-ouest;6362;2169;318;223;541;1226;13;542;254;6516;2329;278;312;590;1430;215;1389;133;6947;854,9;0,112
SO.TO.NA;Nafta;نفطة;TO;Tozeur;0;23,2;SO;Sud-ouest;20544;20308;1036;1107;2143;4543;277;1685;1849;21731;21654;920;866;1786;5351;1456;5231;765;21375;1500;0,269
SO.TO.HA;Hazoua;حزوة;TO;Tozeur;0;46,1;SO;Sud-ouest;4162;0;326;177;503;685;26;310;197;4700;0;303;174;477;918;144;899;39;4624;1400;0,18
SO.KB.KS;Kebeli Sud;قبلي الجنوبية;KB;Kebili;1;1;SO;Sud-ouest;28040;12780;1355;3829;5184;5224;167;2972;2351;30447;13972;482;521;1003;6835;2269;6704;1480;29057;865,1;0,294
SO.KB.KN;Kebeli Nord;قبلي الشمالية;KB;Kebili;0;16,6;SO;Sud-ouest;29429;12041;1951;1071;3022;6141;295;3390;2880;31854;13845;501;248;749;7674;2836;7533;1849;30300;1024;0,311
SO.KB.SA;Souk El Ahed;سوق الأحد;KB;Kebili;0;42;SO;Sud-ouest;26732;18285;493;835;1328;5164;98;2190;2551;27865;18905;253;125;378;6534;1842;6281;1652;26320;2682,7;0,197
SO.KB.DN;Douz Nord;دوز الشمالية;KB;Kebili;0;35,8;SO;Sud-ouest;25534;25237;1142;1376;2518;4453;195;2418;1886;28617;28562;183;129;312;5779;2257;5704;1486;26888;4105,7;0,26
SO.KB.DS;Douz Sud;دوز الجنوبية;KB;Kebili;0;86,4;SO;Sud-ouest;17187;8860;709;569;1278;2880;126;1563;1220;18565;9595;200;132;332;3737;1264;3675;788;18453;4105,7;0,215
SO.KB.FA;Faouar;الفوار;KB;Kebili;0;78,6;SO;Sud-ouest;16296;0;643;329;972;2687;16;927;298;19613;0;502;381;883;3726;520;3675;98;18998;9671,3;0,178
