DIV;Annee;Rang;CodeClub;X;Y;PTS;J;G;N;P;BP;BC
DI ;1955;1;CSHL;10.346;36.728;58;22;15;6;1;56;15
DI ;1955;2;ESS;10.624;35.829;55;22;15;3;4;54;28
DI ;1955;3;CA;10.189;36.804;50;22;12;4;6;43;21
DI ;1955;4;EST;10.187;36.814;50;22;11;6;5;38;21
DI ;1955;5;CAB;9.866;37.279;48;22;11;4;7;36;22
DI ;1955;6;USMF;10.898;35.620;43;22;8;5;9;41;27
DI ;1955;7;ST;10.127;36.816;43;22;9;3;10;43;41
DI ;1955;8;CSS;10.753;34.726;40;22;5;8;9;25;35
DI ;1955;9;SRS;10.770;34.752;39;22;7;3;12;34;43
DI ;1955;10;COT;10.153;36.799;37;22;6;3;13;25;48
DI ;1955;11;PFCB;9.858;37.273;37;22;5;5;12;35;71
DI ;1955;12;PS;10.632;35.823;28;22;2;2;18;19;77
DI ;1956;1;ST;10.127;36.816;58;22;16;4;2;54;24
DI ;1956;2;EST;10.187;36.814;55;22;13;7;2;49;18
DI ;1956;3;ESS;10.624;35.829;51;22;14;1;7;44;27
DI ;1956;4;CA;10.189;36.804;47;22;9;7;6;39;31
DI ;1956;5;JSMet;10.165;36.804;47;22;8;9;5;49;42
DI ;1956;6;CSHL;10.346;36.728;43;22;8;5;9;41;38
DI ;1956;7;USMB;9.786;37.156;43;22;7;7;8;30;42
DI ;1956;8;CAB;9.866;37.279;41;22;7;5;10;33;35
DI ;1956;9;COT;10.153;36.799;41;22;7;5;10;37;54
DI ;1956;10;CSS;10.753;34.726;39;22;5;7;10;29;36
DI ;1956;11;PFCB;9.858;37.273;37;22;4;7;11;28;49
DI ;1956;12;SRS;10.770;34.752;24;22;1;2;19;20;57
DI ;1957;1;ESS;10.624;35.829;70;28;17;8;3;56;28
DI ;1957;2;EST;10.187;36.814;67;28;16;7;5;57;35
DI ;1957;3;ST;10.127;36.816;64;28;15;6;7;61;35
DI ;1957;4;UST;10.178;36.799;64;28;14;8;6;63;40
DI ;1957;5;CAB;9.866;37.279;58;28;11;6;9;53;37
DI ;1957;6;CA;10.189;36.804;57;28;10;9;9;45;34
DI ;1957;7;SP;10.315;36.742;56;28;8;12;8;46;45
DI ;1957;8;CSHL;10.346;36.728;55;28;10;7;11;53;47
DI ;1957;9;SRS;10.770;34.752;55;28;10;7;11;41;44
DI ;1957;10;SS;10.632;35.823;55;28;10;7;11;31;41
DI ;1957;11;JSMet;10.165;36.804;54;28;8;10;10;44;50
DI ;1957;12;CSS;10.753;34.726;54;28;10;6;12;32;45
DI ;1957;13;USMB;9.786;37.156;54;28;10;3;15;47;73
DI ;1957;14;PFCB;9.858;37.273;40;28;4;5;19;27;68
DI ;1957;15;USMO;10.819;35.775;39;28;4;3;21;32;76
DI ;1958;1;EST;10.187;36.814;67;26;19;3;4;62;24
DI ;1958;2;ESS;10.624;35.829;64;26;15;8;3;43;25
DI ;1958;3;UST;10.178;36.799;61;26;14;7;5;59;32
DI ;1958;4;ST;10.127;36.816;60;26;14;6;6;44;23
DI ;1958;5;CA;10.189;36.804;55;26;11;7;8;42;34
DI ;1958;6;CSHL;10.346;36.728;51;26;9;10;7;28;30
DI ;1958;7;SRS;10.770;34.752;51;26;8;10;8;34;32
DI ;1958;8;JSMet;10.165;36.804;46;26;8;9;9;41;44
DI ;1958;9;SS;10.632;35.823;46;26;7;6;13;32;41
DI ;1958;10;CAB;9.866;37.279;46;26;6;8;12;24;32
DI ;1958;11;SP;10.315;36.742;45;26;7;5;14;32;49
DI ;1958;12;CSS;10.753;34.726;44;26;4;10;12;24;43
DI ;1958;13;SG;10.099;33.848;43;26;6;5;15;18;37
DI ;1958;14;OK;8.698;36.177;40;26;4;6;16;25;55
DI ;1959;1;EST;10.187;36.814;65;24;19;3;2;65;23
DI ;1959;2;ST;10.127;36.816;59;24;16;3;5;58;25
DI ;1959;3;CA;10.189;36.804;51;24;11;5;8;38;34
DI ;1959;4;CSHL;10.346;36.728;51;24;8;11;5;24;22
DI ;1959;5;CAB;9.866;37.279;50;24;9;8;7;26;28
DI ;1959;6;SP;10.315;36.742;47;24;7;9;8;30;32
DI ;1959;7;ESS;10.624;35.829;46;24;7;8;9;30;27
DI ;1959;8;CSS;10.753;34.726;46;24;6;10;8;25;29
DI ;1959;9;ASM;10.320;36.875;46;24;8;6;10;28;33
DI ;1959;10;SS;10.632;35.823;46;24;6;10;8;20;29
DI ;1959;11;UST;10.178;36.799;44;24;5;10;9;42;40
DI ;1959;12;SRS;10.770;34.752;42;24;4;5;15;26;57
DI ;1959;13;JSMet;10.165;36.804;36;24;2;8;14;24;57
DI ;1960;1;ST;10.127;36.816;54;22;16;2;2;42;17
DI ;1960;2;EST;10.187;36.814;51;22;14;3;3;48;14
DI ;1960;3;UST;10.178;36.799;45;22;11;3;6;37;30
DI ;1960;4;CSHL;10.346;36.728;42;22;9;4;7;28;22
DI ;1960;5;ASM;10.320;36.875;42;22;9;4;7;34;29
DI ;1960;6;SS;10.632;35.823;38;22;5;8;7;14;22
DI ;1960;7;CSS;10.753;34.726;36;22;5;6;9;20;35
DI ;1960;8;CA;10.189;36.804;35;22;5;5;10;14;21
DI ;1960;9;CAB;9.866;37.279;33;22;3;7;10;22;31
DI ;1960;10;EMM;10.046;35.493;33;22;6;1;13;20;44
DI ;1960;11;SP;10.315;36.742;31;22;4;3;13;18;32
DI ;1961;1;ST;10.127;36.816;58;22;16;4;2;39;10
DI ;1961;2;SS;10.632;35.823;56;22;15;4;3;39;12
DI ;1961;3;EST;10.187;36.814;55;22;12;9;1;35;14
DI ;1961;4;CA;10.189;36.804;48;22;10;6;6;32;22
DI ;1961;5;CSHL;10.346;36.728;42;22;5;10;7;27;27
DI ;1961;6;UST;10.178;36.799;41;22;8;3;11;34;29
DI ;1961;7;ASM;10.320;36.875;41;22;6;7;9;25;31
DI ;1961;8;SG;10.099;33.848;40;22;6;6;10;15;28
DI ;1961;9;USMO;10.819;35.775;39;22;5;7;10;23;27
DI ;1961;10;CSS;10.753;34.726;39;22;5;7;10;20;28
DI ;1961;11;CAB;9.866;37.279;39;22;5;7;10;18;30
DI ;1961;12;EMM;10.046;35.493;30;22;2;4;16;11;60
DI ;1962;1;ESS;10.624;35.829;58;22;14;8;0;35;13
DI ;1962;2;ASM;10.320;36.875;49;22;10;7;5;48;32
DI ;1962;3;ST;10.127;36.816;49;22;12;3;7;33;21
DI ;1962;4;CSS;10.753;34.726;47;22;8;9;5;29;24
DI ;1962;5;CA;10.189;36.804;46;22;8;8;6;24;16
DI ;1962;6;SS;10.632;35.823;42;22;6;8;8;25;28
DI ;1962;7;USMO;10.819;35.775;42;22;5;10;7;28;34
DI ;1962;8;UST;10.178;36.799;42;22;7;6;9;24;33
DI ;1962;9;ENAM;9.679;37.035;42;22;7;6;9;25;39
DI ;1962;10;EST;10.187;36.814;41;22;7;5;10;36;32
DI ;1962;11;CSHL;10.346;36.728;41;22;8;3;11;33;36
DI ;1962;12;SG;10.099;33.848;29;22;2;3;17;19;51
DI ;1963;1;CA;10.189;36.804;53;22;11;9;2;34;10
DI ;1963;2;EST;10.187;36.814;51;22;10;9;3;32;15
DI ;1963;3;CSS;10.753;34.726;50;22;10;8;4;38;18
DI ;1963;4;ST;10.127;36.816;49;22;10;7;5;21;11
DI ;1963;5;SRS;10.770;34.752;47;22;8;9;5;25;25
DI ;1963;6;ESS;10.624;35.829;46;22;8;8;6;29;18
DI ;1963;7;ASM;10.320;36.875;45;22;8;7;7;35;29
DI ;1963;8;CAB;9.866;37.279;43;22;7;7;8;25;28
DI ;1963;9;UST;10.178;36.799;39;22;7;3;12;30;38
DI ;1963;10;ENAM;9.679;37.035;39;22;7;3;12;17;45
DI ;1963;11;SS;10.632;35.823;34;22;2;8;12;12;33
DI ;1963;12;USMO;10.819;35.775;32;22;3;4;15;12;40
DI ;1964;1;ST;10.127;36.816;56;22;14;6;2;41;16
DI ;1964;2;CA;10.189;36.804;55;22;13;7;2;39;14
DI ;1964;3;ESS;10.624;35.829;49;22;10;7;5;37;19
DI ;1964;4;ASM;10.320;36.875;49;22;10;7;5;32;27
DI ;1964;5;CSS;10.753;34.726;47;22;9;7;6;28;24
DI ;1964;6;EST;10.187;36.814;44;22;7;8;7;21;21
DI ;1964;7;SRS;10.770;34.752;43;22;6;9;7;22;23
DI ;1964;8;CAB;9.866;37.279;41;22;7;5;10;29;36
DI ;1964;9;CSHL;10.346;36.728;40;22;6;6;10;20;31
DI ;1964;10;SS;10.632;35.823;37;22;5;5;12;19;31
DI ;1964;11;ENAM;9.679;37.035;34;22;4;4;14;24;51
DI ;1964;12;UST;10.178;36.799;33;22;2;7;13;14;33
DI ;1965;1;ESS;10.624;35.829;58;22;15;6;1;53;19
DI ;1965;2;CSS;10.753;34.726;49;22;11;5;6;39;23
DI ;1965;3;ASM;10.320;36.875;48;22;9;8;5;34;23
DI ;1965;4;ST;10.127;36.816;48;22;10;6;6;31;21
DI ;1965;5;EST;10.187;36.814;47;22;9;7;6;18;14
DI ;1965;6;CA;10.189;36.804;45;22;5;13;4;27;22
DI ;1965;7;SRS;10.770;34.752;44;22;9;4;9;27;26
DI ;1965;8;SS;10.632;35.823;43;22;7;7;8;19;20
DI ;1965;9;CAB;9.866;37.279;41;22;6;7;9;23;25
DI ;1965;10;CSHL;10.346;36.728;41;22;6;7;9;16;24
DI ;1965;11;COT;10.153;36.799;38;22;5;6;11;27;38
DI ;1965;12;ENAM;9.679;37.035;26;22;1;2;19;10;69
DI ;1966;1;CA;10.189;36.804;58;22;15;6;1;38;10
DI ;1966;2;ESS;10.624;35.829;50;22;10;8;4;33;17
DI ;1966;3;ST;10.127;36.816;50;22;11;6;5;31;19
DI ;1966;4;SRS;10.770;34.752;50;22;11;6;5;23;14
DI ;1966;5;ASM;10.320;36.875;49;22;10;7;5;33;19
DI ;1966;6;CSS;10.753;34.726;46;22;10;4;8;28;27
DI ;1966;7;EST;10.187;36.814;45;22;8;7;7;33;23
DI ;1966;8;CAB;9.866;37.279;44;22;7;8;7;16;23
DI ;1966;9;USMO;10.819;35.775;38;22;6;4;12;27;41
DI ;1966;10;CSHL;10.346;36.728;37;22;5;5;12;15;35
DI ;1966;11;SS;10.632;35.823;32;22;3;4;15;16;37
DI ;1966;12;CSC;10.160;36.814;29;22;3;1;18;13;41
DI ;1967;1;SRS;10.770;34.752;54;22;13;6;3;29;11
DI ;1967;2;CA;10.189;36.804;50;22;9;10;3;25;13
DI ;1967;3;ST;10.127;36.816;45;22;7;9;6;20;19
DI ;1967;4;ESS;10.624;35.829;44;22;6;10;6;21;21
DI ;1967;5;CSS;10.753;34.726;44;22;6;10;6;17;20
DI ;1967;6;COT;10.153;36.799;43;22;8;5;9;18;21
DI ;1967;7;EST;10.187;36.814;42;22;6;8;8;23;23
DI ;1967;8;ASM;10.320;36.875;42;22;4;12;6;24;28
DI ;1967;9;USMA;10.994;36.784;41;22;5;9;8;17;21
DI ;1967;10;CSHL;10.346;36.728;41;22;4;11;7;13;17
DI ;1967;11;USMO;10.819;35.775;41;22;6;7;9;20;26
DI ;1967;12;CAB;9.866;37.279;41;22;5;9;8;11;18
DI ;1968;1;CSS;10.753;34.726;65;26;17;5;4;45;20
DI ;1968;2;CA;10.189;36.804;60;26;12;10;4;26;12
DI ;1968;3;ASM;10.320;36.875;59;26;14;5;7;37;20
DI ;1968;4;SRS;10.770;34.752;57;26;12;7;7;33;22
DI ;1968;5;ESS;10.624;35.829;55;26;9;11;6;22;16
DI ;1968;6;EST;10.187;36.814;52;26;8;10;8;28;28
DI ;1968;7;CAB;9.866;37.279;52;26;6;14;6;17;21
DI ;1968;8;CSHL;10.346;36.728;49;26;7;9;10;18;24
DI ;1968;9;COT;10.153;36.799;49;26;6;11;9;23;32
DI ;1968;10;ST;10.127;36.816;48;26;5;12;9;22;23
DI ;1968;11;CSC;10.160;36.814;47;26;7;7;12;23;31
DI ;1968;12;USMO;10.819;35.775;46;26;3;14;9;12;23
DI ;1968;13;SSS;10.716;34.728;45;26;6;7;13;24;36
DI ;1968;14;USMA;10.994;36.784;44;26;4;10;12;19;41
DI ;1969;1;EST;10.187;36.814;63;26;14;9;3;31;13
DI ;1969;2;CA;10.189;36.804;61;26;13;9;4;34;14
DI ;1969;3;ESS;10.624;35.829;59;26;10;13;3;35;24
DI ;1969;4;CSS;10.753;34.726;56;26;11;8;7;28;19
DI ;1969;5;ST;10.127;36.816;56;26;10;10;6;29;23
DI ;1969;6;SRS;10.770;34.752;52;26;10;6;10;33;33
DI ;1969;7;ASM;10.320;36.875;51;26;8;9;9;25;24
DI ;1969;8;COT;10.153;36.799;51;26;8;9;9;27;28
DI ;1969;9;CAB;9.866;37.279;50;26;9;6;11;24;31
DI ;1969;10;CSC;10.160;36.814;48;26;7;8;11;29;35
DI ;1969;11;UST;10.178;36.799;47;26;6;10;10;21;32
DI ;1969;12;USMO;10.819;35.775;47;26;4;13;9;20;29
DI ;1969;13;CSHL;10.346;36.728;44;26;4;10;12;20;33
DI ;1969;14;ASA;10.191;36.854;42;26;5;6;15;26;44
DI ;1970;1;CSS;10.753;34.726;60;24;14;8;2;36;14
DI ;1970;2;CA;10.189;36.804;55;24;11;9;4;32;8
DI ;1970;3;COT;10.153;36.799;54;24;10;10;4;31;17
DI ;1970;4;ESS;10.624;35.829;52;24;13;3;8;40;24
DI ;1970;5;SRS;10.770;34.752;50;24;8;10;6;20;18
DI ;1970;6;EMM;10.046;35.493;50;24;8;10;6;15;17
DI ;1970;7;CAB;9.866;37.279;49;24;8;9;7;24;24
DI ;1970;8;CSC;10.160;36.814;46;24;7;8;9;27;30
DI ;1970;9;USMO;10.819;35.775;46;24;9;4;11;24;27
DI ;1970;10;ST;10.127;36.816;45;24;6;9;9;23;31
DI ;1970;11;ASM;10.320;36.875;43;24;3;13;8;22;29
DI ;1970;12;UST;10.178;36.799;38;24;2;10;12;18;38
DI ;1970;13;FCD;8.629;35.845;35;24;3;5;16;13;48
DI ;1971;1;ESS;10.624;35.829;65;26;15;9;2;40;15
DI ;1971;2;CA;10.189;36.804;62;26;13;10;3;37;16
DI ;1971;3;COT;10.153;36.799;59;26;12;9;5;31;20
DI ;1971;4;CAB;9.866;37.279;59;26;12;9;5;29;23
DI ;1971;5;SRS;10.770;34.752;54;26;8;12;6;22;23
DI ;1971;6;CSS;10.753;34.726;51;26;6;13;7;32;29
DI ;1971;7;ST;10.127;36.816;50;26;7;10;9;19;19
DI ;1971;8;ASM;10.320;36.875;50;26;6;12;8;21;23
DI ;1971;9;EST;10.187;36.814;49;26;7;9;10;25;21
DI ;1971;10;EMM;10.046;35.493;49;26;6;11;9;19;19
DI ;1971;11;USMA;10.994;36.784;49;26;6;11;9;15;24
DI ;1971;12;USMO;10.819;35.775;49;26;8;7;11;26;36
DI ;1971;13;CSC;10.160;36.814;48;26;4;14;8;15;19
DI ;1971;14;SSS;10.716;34.728;34;26;2;4;20;17;61
DI ;1972;1;CA;10.189;36.804;65;26;15;9;2;37;15
DI ;1972;2;ESS;10.624;35.829;61;26;15;5;6;49;29
DI ;1972;3;EST;10.187;36.814;60;26;13;8;5;35;18
DI ;1972;4;CSS;10.753;34.726;58;26;12;8;6;46;25
DI ;1972;5;COT;10.153;36.799;58;26;10;12;4;26;16
DI ;1972;6;CAB;9.866;37.279;53;26;10;7;9;21;26
DI ;1972;7;SRS;10.770;34.752;51;26;8;9;9;32;27
DI ;1972;8;ASM;10.320;36.875;50;26;7;10;9;24;30
DI ;1972;9;ST;10.127;36.816;50;26;8;8;10;21;28
DI ;1972;10;EMM;10.046;35.493;49;26;6;11;9;23;23
DI ;1972;11;JSK;10.073;35.670;48;26;8;6;12;26;35
DI ;1972;12;CSHL;10.346;36.728;47;26;5;11;10;23;30
DI ;1972;13;USMO;10.819;35.775;39;26;3;7;16;10;32
DI ;1972;14;USMA;10.994;36.784;39;26;3;7;16;17;51
DI ;1973;1;CA;10.189;36.804;63;26;16;5;5;40;18
DI ;1973;2;EST;10.187;36.814;60;26;11;12;3;38;22
DI ;1973;3;ESS;10.624;35.829;59;26;13;7;6;52;28
DI ;1973;4;CSS;10.753;34.726;58;26;13;6;7;32;21
DI ;1973;5;COT;10.153;36.799;56;26;10;10;6;30;25
DI ;1973;6;EMM;10.046;35.493;52;26;8;10;8;22;23
DI ;1973;7;CSC;10.160;36.814;51;26;6;13;7;25;31
DI ;1973;8;ASM;10.320;36.875;50;26;8;12;8;22;23
DI ;1973;9;ST;10.127;36.816;50;26;6;12;8;26;28
DI ;1973;10;SRS;10.770;34.752;49;26;5;13;8;13;21
DI ;1973;11;CAB;9.866;37.279;48;26;7;8;11;18;27
DI ;1973;12;CSHL;10.346;36.728;47;26;6;9;11;15;25
DI ;1973;13;JSK;10.073;35.670;44;26;4;10;12;25;38
DI ;1973;14;SSS;10.716;34.728;41;26;4;7;15;24;52
DI ;1974;1;EST;10.187;36.814;64;26;16;6;4;44;18
DI ;1974;2;CA;10.189;36.804;63;26;14;9;3;41;16
DI ;1974;3;ST;10.127;36.816;61;26;14;7;5;43;24
DI ;1974;4;ESS;10.624;35.829;61;26;14;7;5;36;20
DI ;1974;5;CSS;10.753;34.726;55;26;10;9;7;31;27
DI ;1974;6;CAB;9.866;37.279;52;26;9;8;9;24;23
DI ;1974;7;COT;10.153;36.799;50;26;8;8;10;31;31
DI ;1974;8;SRS;10.770;34.752;50;26;7;10;9;28;33
DI ;1974;9;CSHL;10.346;36.728;49;26;8;7;11;25;32
DI ;1974;10;ASM;10.320;36.875;48;26;7;8;11;31;36
DI ;1974;11;CSC;10.160;36.814;46;26;7;6;13;23;44
DI ;1974;12;EMM;10.046;35.493;45;26;4;11;11;13;28
DI ;1974;13;SAMB;10.580;36.682;45;26;6;7;13;32;37
DI ;1974;14;PS;10.632;35.823;39;26;2;9;15;23;56
DI ;1975;1;EST;10.187;36.814;62;26;14;8;4;36;20
DI ;1975;2;ESS;10.624;35.829;62;26;13;10;3;43;25
DI ;1975;3;CA;10.189;36.804;60;26;12;10;4;32;21
DI ;1975;4;CAB;9.866;37.279;58;26;9;14;3;32;22
DI ;1975;5;JSK;10.073;35.670;57;26;11;9;6;34;24
DI ;1975;6;CSS;10.753;34.726;56;26;9;12;5;36;25
DI ;1975;7;SRS;10.770;34.752;55;26;13;3;10;33;28
DI ;1975;8;ASM;10.320;36.875;51;26;8;10;8;30;26
DI ;1975;9;COT;10.153;36.799;49;26;8;7;11;26;31
DI ;1975;10;CSHL;10.346;36.728;48;26;7;8;11;22;32
DI ;1975;11;OK;8.698;36.177;47;26;5;11;10;19;33
DI ;1975;12;ST;10.127;36.816;46;26;5;10;11;28;34
DI ;1975;13;EMM;10.046;35.493;41;26;4;7;15;17;34
DI ;1975;14;CSC;10.160;36.814;35;26;2;5;19;24;57
DI ;1976;1;JSK;10.073;35.670;61;26;14;7;5;40;27
DI ;1976;2;CA;10.189;36.804;59;26;13;7;6;41;20
DI ;1976;3;CSS;10.753;34.726;58;26;12;8;6;42;33
DI ;1976;4;ST;10.127;36.816;56;26;10;10;6;36;29
DI ;1976;5;ESS;10.624;35.829;56;26;11;8;7;38;32
DI ;1976;6;SRS;10.770;34.752;55;26;9;11;6;35;30
DI ;1976;7;EST;10.187;36.814;54;26;9;10;7;46;34
DI ;1976;8;ASM;10.320;36.875;52;26;10;6;10;41;39
DI ;1976;9;CSHL;10.346;36.728;52;26;7;12;7;30;33
DI ;1976;10;CAB;9.866;37.279;50;26;8;8;10;23;23
DI ;1976;11;COT;10.153;36.799;47;26;6;9;11;27;29
DI ;1976;12;USMO;10.819;35.775;46;26;3;14;9;18;31
DI ;1976;13;OK;8.698;36.177;44;26;5;8;13;20;40
DI ;1976;14;AMS;10.239;36.772;38;26;3;6;17;19;56
DI ;1977;1;CSS;10.753;34.726;67;26;17;7;2;41;12
DI ;1977;2;CA;10.189;36.804;62;26;14;8;4;34;15
DI ;1977;3;ESS;10.624;35.829;59;26;13;7;6;44;25
DI ;1977;4;SRS;10.770;34.752;55;26;9;11;6;31;29
DI ;1977;5;ASM;10.320;36.875;54;26;10;8;8;34;34
DI ;1977;6;EST;10.187;36.814;53;26;10;7;9;34;33
DI ;1977;7;JSK;10.073;35.670;52;26;9;8;9;36;32
DI ;1977;8;CSHL;10.346;36.728;51;26;6;13;7;22;22
DI ;1977;9;CAB;9.866;37.279;51;26;9;7;10;26;27
DI ;1977;10;ST;10.127;36.816;50;26;7;10;9;29;33
DI ;1977;11;SSS;10.716;34.728;49;26;6;11;9;21;36
DI ;1977;12;COT;10.153;36.799;47;26;6;9;11;25;36
DI ;1977;13;USMO;10.819;35.775;45;26;4;11;11;24;33
DI ;1977;14;SAMB;10.580;36.682;32;26;2;3;21;16;50
DI ;1978;1;CA;10.189;36.804;64;26;15;8;3;28;12
DI ;1978;2;ST;10.127;36.816;63;26;14;9;3;36;21
DI ;1978;3;ESS;10.624;35.829;61;26;14;7;5;34;13
DI ;1978;4;EST;10.187;36.814;59;26;12;9;5;38;24
DI ;1978;5;OK;8.698;36.177;51;26;9;7;10;31;26
DI ;1978;6;CSS;10.753;34.726;51;26;8;9;9;27;27
DI ;1978;7;ASM;10.320;36.875;50;26;8;8;10;31;31
DI ;1978;8;CAB;9.866;37.279;49;26;7;9;10;19;25
DI ;1978;9;JSK;10.073;35.670;49;26;8;7;11;24;31
DI ;1978;10;CSHL;10.346;36.728;49;26;8;7;11;23;30
DI ;1978;11;OCK;11.207;34.703;49;26;6;11;9;17;24
DI ;1978;12;SRS;10.770;34.752;48;26;5;12;9;24;25
DI ;1978;13;COT;10.153;36.799;48;26;6;10;10;24;33
DI ;1978;14;SSS;10.716;34.728;37;26;2;7;17;18;52
DI ;1979;1;CA;10.189;36.804;65;26;15;9;2;37;7
DI ;1979;2;EST;10.187;36.814;60;26;9;16;1;32;16
DI ;1979;3;ESS;10.624;35.829;59;26;11;11;4;31;18
DI ;1979;4;ST;10.127;36.816;58;26;10;12;4;38;23
DI ;1979;5;CSS;10.753;34.726;58;26;10;12;4;25;20
DI ;1979;6;ASM;10.320;36.875;51;26;7;11;8;28;27
DI ;1979;7;CSHL;10.346;36.728;50;26;6;12;3;31;33
DI ;1979;8;CAB;9.866;37.279;49;26;6;11;9;24;24
DI ;1979;9;OCK;11.207;34.703;49;26;5;13;8;18;29
DI ;1979;10;JSK;10.073;35.670;48;26;7;8;11;21;30
DI ;1979;11;SRS;10.770;34.752;47;26;7;7;12;22;33
DI ;1979;12;SG;10.099;33.848;46;26;6;8;12;33;51
DI ;1979;13;CSMB;9.786;37.156;45;26;3;13;10;21;31
DI ;1979;14;OK;8.698;36.177;43;26;4;9;13;13;32
DI ;1980;1;CSS;10.753;34.726;65;26;16;7;3;33;19
DI ;1980;2;CA;10.189;36.804;63;26;16;5;5;46;14
DI ;1980;3;EST;10.187;36.814;61;26;16;3;7;39;21
DI ;1980;4;ESS;10.624;35.829;59;26;12;9;5;32;20
DI ;1980;5;CAB;9.866;37.279;55;26;12;5;9;32;25
DI ;1980;6;JSK;10.073;35.670;55;26;10;9;7;28;21
DI ;1980;7;ST;10.127;36.816;54;26;11;6;9;33;27
DI ;1980;8;ASM;10.320;36.875;49;26;7;9;10;25;26
DI ;1980;9;USMO;10.819;35.775;49;26;8;7;11;24;28
DI ;1980;10;CSHL;10.346;36.728;49;26;9;5;12;19;30
DI ;1980;11;SRS;10.770;34.752;46;26;5;10;11;19;29
DI ;1980;12;OCK;11.207;34.703;45;26;5;9;12;18;23
DI ;1980;13;COT;10.153;36.799;43;26;5;7;14;16;35
DI ;1980;14;SG;10.099;33.848;35;26;3;3;20;9;55
DI ;1981;1;EST;10.187;36.814;64;26;14;10;2;42;12
DI ;1981;2;CA;10.189;36.804;58;26;11;10;5;35;19
DI ;1981;3;ESS;10.624;35.829;55;26;10;9;7;25;20
DI ;1981;4;ST;10.127;36.816;54;26;8;12;6;27;23
DI ;1981;5;CSS;10.753;34.726;54;26;9;10;7;26;22
DI ;1981;6;JSK;10.073;35.670;52;26;8;10;8;29;42
DI ;1981;7;ASM;10.320;36.875;51;26;8;9;9;25;34
DI ;1981;8;CAB;9.866;37.279;50;26;9;6;11;34;22
DI ;1981;9;SRS;10.770;34.752;50;26;6;12;8;22;25
DI ;1981;10;CSHL;10.346;36.728;50;26;7;10;9;35;40
DI ;1981;11;USMO;10.819;35.775;49;26;7;9;10;18;22
DI ;1981;12;OCK;11.207;34.703;49;26;7;9;10;15;25
DI ;1981;13;AMS;10.239;36.772;48;26;6;10;10;23;32
DI ;1981;14;EMM;10.046;35.493;44;26;4;10;12;23;41
DI ;1982;1;CSS;10.753;34.726;64;26;15;8;3;33;10
DI ;1982;2;CA;10.189;36.804;63;26;13;11;2;52;16
DI ;1982;3;EST;10.187;36.814;60;26;12;10;4;40;16
DI ;1982;4;ST;10.127;36.816;56;26;10;10;6;21;14
DI ;1982;5;CAB;9.866;37.279;54;26;10;8;8;27;24
DI ;1982;6;ESS;10.624;35.829;53;26;10;7;9;24;24
DI ;1982;7;CSHL;10.346;36.728;51;26;8;9;9;32;28
DI ;1982;8;JSK;10.073;35.670;51;26;7;11;8;23;25
DI ;1982;9;SRS;10.770;34.752;50;26;4;16;6;23;24
DI ;1982;10;USMO;10.819;35.775;50;26;8;8;10;20;23
DI ;1982;11;ASM;10.320;36.875;48;26;7;8;11;20;30
DI ;1982;12;SG;10.099;33.848;48;26;7;6;13;18;44
DI ;1982;13;OCK;11.207;34.703;44;26;3;12;11;11;33
DI ;1982;14;CSK;10.864;36.580;33;26;3;6;17;14;47
DI ;1983;1;CAB;9.866;37.279;62;26;14;8;4;36;12
DI ;1983;2;ST;10.127;36.816;62;26;12;12;2;28;9
DI ;1983;3;ESS;10.624;35.829;61;26;13;9;4;39;21
DI ;1983;4;CA;10.189;36.804;61;26;13;9;4;34;19
DI ;1983;5;EST;10.187;36.814;58;26;12;8;6;28;15
DI ;1983;6;JSK;10.073;35.670;56;26;10;10;6;35;20
DI ;1983;7;CSHL;10.346;36.728;50;26;8;8;10;18;26
DI ;1983;8;CSS;10.753;34.726;49;26;8;7;11;19;21
DI ;1983;9;ASM;10.320;36.875;48;26;6;10;10;27;38
DI ;1983;10;SSS;10.716;34.728;47;26;6;9;11;24;32
DI ;1983;11;SRS;10.770;34.752;46;26;6;8;12;18;27
DI ;1983;12;USMO;10.819;35.775;45;26;5;9;12;25;30
DI ;1983;13;SS;10.632;35.823;45;26;7;5;14;19;31
DI ;1983;14;SG;10.099;33.848;38;26;4;4;18;15;64
DI ;1984;1;EST;10.187;36.814;64;26;15;8;3;32;15
DI ;1984;2;CA;10.189;36.804;63;26;14;9;3;34;13
DI ;1984;3;JSK;10.073;35.670;56;26;11;8;7;30;15
DI ;1984;4;CSHL;10.346;36.728;56;26;11;8;7;30;24
DI ;1984;5;ESS;10.624;35.829;56;26;11;8;7;24;19
DI ;1984;6;ST;10.127;36.816;51;26;9;7;10;20;21
DI ;1984;7;CSS;10.753;34.726;50;26;8;8;10;29;31
DI ;1984;8;SRS;10.770;34.752;50;26;7;10;9;20;22
DI ;1984;9;CAB;9.866;37.279;50;26;7;10;9;25;28
DI ;1984;10;USMO;10.819;35.775;49;26;8;7;11;28;34
DI ;1984;11;ASM;10.320;36.875;48;26;6;10;10;25;25
DI ;1984;12;COT;10.153;36.799;47;26;7;7;12;29;38
DI ;1984;13;SSS;10.716;34.728;45;26;7;5;14;20;33
DI ;1984;14;ASG;10.099;33.848;43;26;5;7;14;17;45
DI ;1985;1;ESS;10.624;35.829;63;26;12;13;1;31;18
DI ;1985;2;EST;10.187;36.814;57;26;9;13;4;30;17
DI ;1985;3;CA;10.189;36.804;56;26;9;12;5;29;20
DI ;1985;4;CSS;10.753;34.726;52;26;7;12;7;29;25
DI ;1985;5;SRS;10.770;34.752;52;26;8;10;8;19;15
DI ;1985;6;ST;10.127;36.816;52;26;8;10;8;24;22
DI ;1985;7;JSK;10.073;35.670;52;26;6;14;6;23;21
DI ;1985;8;CSHL;10.346;36.728;51;26;7;11;8;22;20
DI ;1985;9;CAB;9.866;37.279;51;26;9;7;10;21;20
DI ;1985;10;USMO;10.819;35.775;51;26;8;9;9;21;23
DI ;1985;11;ASM;10.320;36.875;51;26;9;7;10;24;31
DI ;1985;12;OCK;11.207;34.703;50;26;6;12;8;21;32
DI ;1985;13;OB;9.193;36.728;47;26;4;13;9;14;30
DI ;1985;14;STIA;10.613;35.823;43;26;5;7;14;17;31
DI ;1986;1;ESS;10.624;35.829;79;26;16;5;5;42;19
DI ;1986;2;CA;10.189;36.804;74;26;13;9;4;26;16
DI ;1986;3;EST;10.187;36.814;73;26;12;11;3;35;16
DI ;1986;4;JSK;10.073;35.670;65;26;9;12;5;31;25
DI ;1986;5;USMO;10.819;35.775;60;26;8;10;8;30;33
DI ;1986;6;COT;10.153;36.799;58;26;8;8;10;25;30
DI ;1986;7;CAB;9.866;37.279;58;26;7;11;8;23;33
DI ;1986;8;CSHL;10.346;36.728;57;26;7;10;9;27;23
DI ;1986;9;ST;10.127;36.816;55;26;5;14;7;25;25
DI ;1986;10;CSS;10.753;34.726;55;26;7;8;11;29;31
DI ;1986;11;OB;9.193;36.728;53;26;5;12;9;20;27
DI ;1986;12;OCK;11.207;34.703;52;26;6;8;12;28;42
DI ;1986;13;SRS;10.770;34.752;51;26;4;13;9;16;22
DI ;1986;14;ASM;10.320;36.875;50;26;5;9;12;16;31
DI ;1987;1;EST;10.187;36.814;81;26;15;10;1;48;13
DI ;1987;2;COT;10.153;36.799;81;26;16;7;3;32;12
DI ;1987;3;CA;10.189;36.804;73;26;12;11;3;38;17
DI ;1987;4;ST;10.127;36.816;65;26;11;6;9;33;21
DI ;1987;5;ESS;10.624;35.829;64;26;10;8;8;22;19
DI ;1987;6;CSS;10.753;34.726;62;26;9;9;8;25;22
DI ;1987;7;JSK;10.073;35.670;58;26;8;8;10;32;28
DI ;1987;8;ASK;10.099;33.848;57;26;8;7;11;22;33
DI ;1987;9;USMO;10.819;35.775;56;26;7;9;10;16;25
DI ;1987;10;OB;9.193;36.728;56;26;8;6;12;22;32
DI ;1987;11;CAB;9.866;37.279;55;26;7;8;11;23;30
DI ;1987;12;CSHL;10.346;36.728;54;26;5;13;8;17;22
DI ;1987;13;OK;8.698;36.177;51;26;5;10;11;19;39
DI ;1987;14;GS;8.629;35.845;38;26;2;6;18;8;44
DI ;1988;1;EST;10.187;36.814;85;26;18;5;3;46;19
DI ;1988;2;CA;10.189;36.804;72;26;13;7;6;40;28
DI ;1988;3;ESS;10.624;35.829;70;26;12;8;6;37;22
DI ;1988;4;ST;10.127;36.816;65;26;10;9;7;34;28
DI ;1988;5;SRS;10.770;34.752;64;26;10;8;8;33;29
DI ;1988;6;CSS;10.753;34.726;61;26;8;11;7;22;26
DI ;1988;7;ASK;10.099;33.848;60;26;9;7;10;24;40
DI ;1988;8;COT;10.153;36.799;59;26;9;6;11;27;26
DI ;1988;9;OB;9.193;36.728;59;26;10;3;13;22;29
DI ;1988;10;ASM;10.320;36.875;58;26;8;8;10;35;31
DI ;1988;11;USMO;10.819;35.775;57;26;6;13;7;23;29
DI ;1988;12;CAB;9.866;37.279;57;26;7;10;9;20;21
DI ;1988;13;JSK;10.073;35.670;50;26;6;6;14;19;28
DI ;1988;14;OCK;11.207;34.703;39;26;2;7;17;12;38
DI ;1989;1;CA;10.189;36.804;83;26;17;6;3;42;12
DI ;1989;2;EST;10.187;36.814;83;26;16;9;1;41;11
DI ;1989;3;ST;10.127;36.816;82;26;16;8;2;40;18
DI ;1989;4;ESS;10.624;35.829;73;26;13;8;5;45;20
DI ;1989;5;CSHL;10.346;36.728;61;26;10;5;11;17;20
DI ;1989;6;ASM;10.320;36.875;60;26;8;10;8;26;21
DI ;1989;7;SRS;10.770;34.752;57;26;8;7;11;23;28
DI ;1989;8;ASOE;10.320;36.875;55;26;9;2;15;23;36
DI ;1989;9;CSS;10.753;34.726;55;26;7;8;11;24;38
DI ;1989;10;COT;10.153;36.799;54;26;6;10;10;19;26
DI ;1989;11;OB;9.193;36.728;53;26;7;6;13;22;32
DI ;1989;12;USMO;10.819;35.775;50;26;6;6;14;24;36
DI ;1989;13;CSC;10.160;36.814;47;26;4;9;13;18;41
DI ;1989;14;ASK;10.099;33.848;44;26;4;8;14;17;32
DI ;1990;1;EST;10.187;36.814;82;26;16;8;2;31;13
DI ;1990;2;CA;10.189;36.804;75;26;13;10;3;43;19
DI ;1990;3;ESS;10.624;35.829;65;26;10;9;7;35;31
DI ;1990;4;CAB;9.866;37.279;64;26;9;11;6;35;28
DI ;1990;5;ST;10.127;36.816;62;26;9;9;8;32;28
DI ;1990;6;COT;10.153;36.799;60;26;8;10;8;31;36
DI ;1990;7;JSK;10.073;35.670;59;26;9;6;11;29;32
DI ;1990;8;CSHL;10.346;36.728;57;26;8;7;11;21;21
DI ;1990;9;USMO;10.819;35.775;56;26;7;9;10;31;37
DI ;1990;10;OB;9.193;36.728;56;26;6;12;8;28;32
DI ;1990;11;ASM;10.320;36.875;56;26;7;9;10;29;38
DI ;1990;12;CSS;10.753;34.726;54;26;5;13;8;26;32
DI ;1990;13;SRS;10.770;34.752;54;26;6;10;11;22;27
DI ;1990;14;ASOE;10.320;36.875;44;26;3;9;14;17;36
DI ;1991;1;CA;10.189;36.804;84;26;18;4;4;50;14
DI ;1991;2;CAB;9.866;37.279;83;26;18;3;5;42;13
DI ;1991;3;EST;10.187;36.814;67;26;11;8;7;28;17
DI ;1991;4;ASM;10.320;36.875;63;26;10;7;9;22;23
DI ;1991;5;ESS;10.624;35.829;62;26;9;9;8;36;33
DI ;1991;6;OB;9.193;36.728;62;26;10;6;10;25;31
DI ;1991;7;ST;10.127;36.816;59;26;8;9;9;38;36
DI ;1991;8;OCK;11.207;34.703;59;26;9;6;11;27;31
DI ;1991;9;CSS;10.753;34.726;57;26;8;7;11;26;33
DI ;1991;10;CSHL;10.346;36.728;57;26;7;10;9;23;25
DI ;1991;11;JSK;10.073;35.670;55;26;6;11;9;18;26
DI ;1991;12;USMO;10.819;35.775;52;26;5;11;10;17;27
DI ;1991;13;ESZ;10.187;36.814;50;26;6;6;14;23;41
DI ;1991;14;COT;10.153;36.799;49;26;6;5;15;15;40
DI ;1992;1;EST;10.187;36.814;43;26;18;7;1;43;15
DI ;1992;2;JSK;10.073;35.670;32;26;13;6;7;34;26
DI ;1992;3;CAB;9.866;37.279;27;26;10;7;9;34;30
DI ;1992;4;CSHL;10.346;36.728;26;26;10;6;10;26;24
DI ;1992;5;CA;10.189;36.804;25;26;7;11;8;27;28
DI ;1992;6;CSS;10.753;34.726;24;26;8;8;10;28;26
DI ;1992;7;OCK;11.207;34.703;24;26;9;6;11;32;33
DI ;1992;8;OB;9.193;36.728;24;26;8;8;10;30;31
DI ;1992;9;ESS;10.624;35.829;24;26;9;6;11;30;32
DI ;1992;10;ASM;10.320;36.875;24;26;8;8;10;25;31
DI ;1992;11;USMO;10.819;35.775;24;26;8;8;10;21;33
DI ;1992;12;ST;10.127;36.816;23;26;7;9;10;28;29
DI ;1992;13;SRS;10.770;34.752;23;26;8;7;11;29;30
DI ;1992;14;ASK;10.099;33.848;21;26;7;7;12;21;38
DI ;1993;1;EST;10.187;36.814;43;26;19;5;2;52;12
DI ;1993;2;ESS;10.624;35.829;34;26;13;8;5;36;17
DI ;1993;3;CA;10.189;36.804;33;26;14;5;7;47;32
DI ;1993;4;ASM;10.320;36.875;31;26;12;7;7;37;24
DI ;1993;5;CSS;10.753;34.726;31;26;11;9;6;36;33
DI ;1993;6;CAB;9.866;37.279;31;26;10;6;10;31;29
DI ;1993;7;ST;10.127;36.816;25;26;10;4;12;30;32
DI ;1993;8;OB;9.193;36.728;23;26;7;9;10;22;23
DI ;1993;9;JSK;10.073;35.670;23;26;8;7;11;29;29
DI ;1993;10;OCK;11.207;34.703;21;26;7;7;12;34;36
DI ;1993;11;OK;8.698;36.177;20;26;7;6;13;21;35
DI ;1993;12;CSHL;10.346;36.728;20;26;7;6;13;12;24
DI ;1993;13;ESBK;9.679;37.035;17;26;5;7;14;28;47
DI ;1993;14;USMO;10.819;35.775;17;26;5;7;14;23;43
DI ;1994;1;CSS;10.753;34.726;38;26;17;4;5;40;16
DI ;1994;2;EST;10.187;36.814;37;26;16;5;5;52;23
DI ;1994;3;ESS;10.624;35.829;37;26;16;5;5;49;25
DI ;1994;4;CA;10.189;36.804;33;26;13;7;6;34;23
DI ;1994;5;OB;9.193;36.728;26;26;10;6;10;31;28
DI ;1994;6;OK;8.698;36.177;25;26;9;7;10;29;32
DI ;1994;7;ESZ;10.187;36.814;23;26;7;9;10;19;31
DI ;1994;8;ASM;10.320;36.875;23;26;8;7;11;31;44
DI ;1994;9;ST;10.127;36.816;22;26;7;8;11;30;36
DI ;1994;10;CAB;9.866;37.279;22;26;8;6;12;22;33
DI ;1994;11;JSK;10.073;35.670;22;26;8;6;12;22;30
DI ;1994;12;CSHL;10.346;36.728;20;26;8;4;14;40;47
DI ;1994;13;OCK;11.207;34.703;18;26;5;8;13;23;36
DI ;1994;14;SRS;10.770;34.752;18;26;7;4;15;21;39
DI ;1995;1;CA;10.189;36.804;63;26;19;6;1;49;5
DI ;1995;2;ESS;10.624;35.829;58;26;17;7;2;46;12
DI ;1995;3;EST;10.187;36.814;52;26;15;7;4;36;21
DI ;1995;4;CSS;10.753;34.726;38;26;11;5;10;36;32
DI ;1995;5;JSK;10.073;35.670;35;26;9;8;9;31;34
DI ;1995;6;ESZ;10.187;36.814;32;26;9;5;12;27;29
DI ;1995;7;OB;9.193;36.728;31;26;8;7;11;24;26
DI ;1995;8;ASM;10.320;36.875;30;26;7;9;10;26;25
DI ;1995;9;ST;10.127;36.816;30;26;9;3;14;24;32
DI ;1995;10;CAB;9.866;37.279;30;26;7;9;10;21;30
DI ;1995;11;COT;10.153;36.799;29;26;8;5;13;29;41
DI ;1995;12;OK;8.698;36.177;26;26;6;8;12;22;45
DI ;1995;13;CSHL;10.346;36.728;26;26;6;8;12;22;31
DI ;1995;14;ASG;10.099;33.848;21;26;6;3;17;15;51
DI ;1996;1;ESS;10.624;35.829;64;26;20;4;2;45;16
DI ;1996;2;EST;10.187;36.814;61;26;18;7;1;53;15
DI ;1996;3;CSS;10.753;34.726;42;26;13;7;6;27;17
DI ;1996;4;CAB;9.866;37.279;40;26;11;10;5;25;19
DI ;1996;5;CA;10.189;36.804;38;26;11;8;7;34;27
DI ;1996;6;OB;9.193;36.728;37;26;10;7;9;38;30
DI ;1996;7;ASM;10.320;36.875;37;26;10;7;9;28;23
DI ;1996;8;ST;10.127;36.816;34;26;8;10;8;28;30
DI ;1996;9;JSK;10.073;35.670;31;26;7;10;9;22;26
DI ;1996;10;OK;8.698;36.177;27;26;6;10;10;25;39
DI ;1996;11;ESZ;10.187;36.814;23;26;6;8;12;17;26
DI ;1996;12;COT;10.153;36.799;20;26;4;8;14;23;49
DI ;1996;13;OCK;11.207;34.703;14;26;3;5;18;13;37
DI ;1996;14;SS;10.632;35.823;11;26;1;8;17;24;49
DI ;1997;1;EST;10.187;36.814;69;26;22;3;1;63;10
DI ;1997;2;CA;10.189;36.804;59;26;17;8;1;39;15
DI ;1997;3;ESS;10.624;35.829;48;26;14;6;6;36;23
DI ;1997;4;CSS;10.753;34.726;45;26;12;9;5;32;12
DI ;1997;5;OB;9.193;36.728;34;26;9;7;10;20;30
DI ;1997;6;ASM;10.320;36.875;33;26;9;6;11;27;27
DI ;1997;7;CAB;9.866;37.279;30;26;7;9;10;25;27
DI ;1997;8;CSHL;10.346;36.728;29;26;7;8;11;32;32
DI ;1997;9;ST;10.127;36.816;29;26;6;11;9;24;32
DI ;1997;10;JSK;10.073;35.670;29;26;8;5;13;27;41
DI ;1997;11;COM;9.866;37.279;28;26;7;7;12;25;37
DI ;1997;12;ESZ;10.187;36.814;26;26;6;8;12;20;33
DI ;1997;13;COT;10.153;36.799;25;26;5;10;11;21;34
DI ;1997;14;OK;8.698;36.177;11;26;2;5;19;13;47
DI ;1998;1;EST;10.187;36.814;38;14;11;3;0;29;7
DI ;1998;2;OB;9.193;36.728;28;14;8;3;3;21;8
DI ;1998;3;JSK;10.073;35.670;27;14;8;3;3;18;10
DI ;1998;4;COT;10.153;36.799;26;14;7;3;4;17;9
DI ;1998;5;CAB;9.866;37.279;25;14;6;6;2;18;14
DI ;1998;6;ST;10.127;36.816;24;14;7;3;4;19;12
DI ;1998;7;CSS;10.753;34.726;24;14;7;2;5;15;12
DI ;1998;8;OK;8.698;36.177;24;14;8;0;6;15;10
DI ;1998;9;CSHL;10.346;36.728;21;14;6;1;7;18;18
DI ;1998;10;ESS;10.624;35.829;20;14;5;5;4;17;11
DI ;1998;11;ASM;10.320;36.875;18;14;5;3;6;11;13
DI ;1998;12;CA;10.189;36.804;17;14;4;3;7;13;20
DI ;1998;13;COM;9.866;37.279;11;14;3;2;9;10;29
DI ;1998;14;USMO;10.819;35.775;10;14;1;7;6;13;21
DI ;1998;15;ESZ;10.187;36.814;7;14;2;1;11;9;27
DI ;1998;16;ESBK;9.679;37.035;5;14;1;1;12;8;30
DI ;1999;1;EST;10.187;36.814;60;22;19;3;0;53;7
DI ;1999;2;ESS;10.624;35.829;53;22;17;2;3;45;16
DI ;1999;3;CSS;10.753;34.726;35;22;9;8;5;22;2
DI ;1999;4;JSK;10.073;35.670;29;22;7;8;7;18;19
DI ;1999;5;CA;10.189;36.804;27;22;7;6;9;20;20
DI ;1999;6;ST;10.127;36.816;27;22;8;3;11;35;32
DI ;1999;7;OB;9.193;36.728;25;22;7;4;11;19;26
DI ;1999;8;USMO;10.819;35.775;23;22;6;5;11;20;40
DI ;1999;9;ESZ;10.187;36.814;23;22;5;8;9;17;31
DI ;1999;10;CAB;9.866;37.279;23;22;5;8;9;24;26
DI ;1999;11;COT;10.153;36.799;23;22;7;2;13;17;26
DI ;1999;12;ASM;10.320;36.875;16;22;3;7;12;21;40
DI ;2000;1;EST;10.187;36.814;57;22;18;3;1;38;6
DI ;2000;2;ESS;10.624;35.829;38;22;10;8;4;25;15
DI ;2000;3;CA;10.189;36.804;36;22;9;9;4;32;24
DI ;2000;4;CSS;10.753;34.726;34;22;9;7;6;26;18
DI ;2000;5;CSHL;10.346;36.728;33;22;8;9;5;25;27
DI ;2000;6;ST;10.127;36.816;30;22;8;6;8;32;28
DI ;2000;7;USMO;10.819;35.775;27;22;7;6;9;26;28
DI ;2000;8;ESZ;10.187;36.814;25;22;7;4;11;19;29
DI ;2000;9;CAB;9.866;37.279;24;22;6;6;10;15;19
DI ;2000;10;OB;9.193;36.728;23;22;5;8;9;16;23
DI ;2000;11;ASD;10.191;36.854;19;22;5;4;13;22;37
DI ;2000;12;JSK;10.073;35.670;12;22;2;6;14;18;40
DI ;2001;1;EST;10.187;36.814;46;22;13;7;2;40;19
DI ;2001;2;ESS;10.624;35.829;39;22;11;6;5;28;18
DI ;2001;3;CA;10.189;36.804;35;22;9;8;5;31;26
DI ;2001;4;CSS;10.753;34.726;31;22;7;10;5;29;29
DI ;2001;5;ST;10.127;36.816;28;22;5;13;4;26;19
DI ;2001;6;CSHL;10.346;36.728;28;22;6;10;6;24;28
DI ;2001;7;OB;9.193;36.728;28;22;7;7;8;18;22
DI ;2001;8;CAB;9.866;37.279;27;22;5;12;5;16;17
DI ;2001;9;ESZ;10.187;36.814;25;22;7;4;11;23;25
DI ;2001;10;USMO;10.819;35.775;23;22;5;8;9;22;20
DI ;2001;11;COM;9.866;37.279;23;22;6;5;11;15;26
DI ;2001;12;COT;10.153;36.799;13;22;1;10;11;15;38
DI ;2002;1;EST;10.187;36.814;57;22;18;3;1;47;17
DI ;2002;2;ESS;10.624;35.829;38;22;11;5;6;32;18
DI ;2002;3;CA;10.189;36.804;35;22;10;5;7;23;18
DI ;2002;4;CSS;10.753;34.726;31;22;8;7;7;28;23
DI ;2002;5;ST;10.127;36.816;30;22;8;6;8;28;27
DI ;2002;6;USMO;10.819;35.775;29;22;6;11;5;23;21
DI ;2002;7;CSHL;10.346;36.728;29;22;8;5;9;24;28
DI ;2002;8;CAB;9.866;37.279;28;22;7;7;8;21;22
DI ;2002;9;ASM;10.320;36.875;25;22;7;4;11;18;28
DI ;2002;10;OB;9.193;36.728;24;22;6;6;10;16;23
DI ;2002;11;ESZ;10.187;36.814;18;22;4;6;12;15;30
DI ;2002;12;ASD;10.191;36.854;18;22;5;3;14;21;41
DI ;2003;1;EST;10.187;36.814;53;22;17;2;3;38;13
DI ;2003;2;ESS;10.624;35.829;44;22;13;5;4;30;9
DI ;2003;3;CA;10.189;36.804;42;22;11;9;2;32;15
DI ;2003;4;CSS;10.753;34.726;37;22;10;7;5;35;22
DI ;2003;5;ASM;10.320;36.875;36;22;11;3;8;27;25
DI ;2003;6;ST;10.127;36.816;30;22;8;6;8;23;24
DI ;2003;7;CSHL;10.346;36.728;30;22;9;3;10;21;25
DI ;2003;8;CAB;9.866;37.279;28;22;7;7;8;23;25
DI ;2003;9;USMO;10.819;35.775;23;22;6;5;11;22;29
DI ;2003;10;OB;9.193;36.728;16;22;2;10;10;13;27
DI ;2003;11;ESBK;9.679;37.035;14;22;3;5;14;10;32
DI ;2003;12;COT;10.153;36.799;9;22;1;6;15;11;39
DI ;2004;1;CSS;10.753;34.726;58;26;17;7;2;44;12
DI ;2004;2;ESS;10.624;35.829;58;26;17;7;2;38;11
DI ;2004;3;CA;10.189;36.804;56;26;16;8;2;46;16
DI ;2004;4;EST;10.187;36.814;55;26;15;10;1;43;15
DI ;2004;5;ASM;10.320;36.875;33;26;10;3;13;21;22
DI ;2004;6;EOGK;9.679;37.035;30;26;7;9;10;22;29
DI ;2004;7;CAB;9.866;37.279;30;26;7;9;10;26;34
DI ;2004;8;USMO;10.819;35.775;29;26;6;11;9;27;30
DI ;2004;9;EGSG;10.753;34.726;27;26;6;9;11;23;33
DI ;2004;10;ST;10.127;36.816;26;26;6;8;12;28;40
DI ;2004;11;CSHL;10.346;36.728;25;26;6;7;13;19;31
DI ;2004;12;ESZ;10.187;36.814;24;26;5;9;12;17;26
DI ;2004;13;ESBK;9.679;37.035;20;26;4;8;14;14;45
DI ;2004;14;OB;9.193;36.728;18;26;3;9;14;14;39
DI ;2005;1;EST;10.187;36.814;56;26;17;5;4;42;21
DI ;2005;2;ESS;10.624;35.829;55;26;16;7;3;30;11
DI ;2005;3;CA;10.189;36.804;47;26;12;11;3;37;19
DI ;2005;4;CSS;10.753;34.726;45;26;12;9;5;35;16
DI ;2005;5;USMO;10.819;35.775;41;26;11;8;7;22;20
DI ;2005;6;ESZ;10.187;36.814;30;26;7;9;10;20;26
DI ;2005;7;ST;10.127;36.816;29;26;7;8;11;24;25
DI ;2005;8;EGSG;10.753;34.726;29;26;6;11;9;28;36
DI ;2005;9;ASM;10.320;36.875;28;26;6;10;10;19;30
DI ;2005;10;CSHL;10.346;36.728;28;26;7;7;12;28;41
DI ;2005;11;CAB;9.866;37.279;25;26;4;13;9;15;23
DI ;2005;12;EOGK;9.679;37.035;25;26;5;10;11;16;30
DI ;2005;13;JS;8.629;35.845;24;26;5;9;12;16;22
DI ;2005;14;JSK;10.073;35.670;22;26;5;7;14;24;36
DI ;2006;1;ESS;10.624;35.829;53;26;15;8;3;43;18
DI ;2006;2;CA;10.189;36.804;49;26;13;10;3;38;22
DI ;2006;3;EST;10.187;36.814;49;26;13;10;3;40;26
DI ;2006;4;USMO;10.819;35.775;47;26;13;8;5;34;24
DI ;2006;5;CSS;10.753;34.726;38;26;10;8;8;37;28
DI ;2006;6;ST;10.127;36.816;32;26;8;8;10;25;26
DI ;2006;7;OB;9.193;36.728;30;26;7;9;10;24;35
DI ;2006;8;EGSG;10.753;34.726;30;26;6;12;8;25;32
DI ;2006;9;CSHL;10.346;36.728;29;26;6;11;9;22;26
DI ;2006;10;ASM;10.320;36.875;27;26;7;6;13;22;34
DI ;2006;11;ESZ;10.187;36.814;26;26;6;8;12;20;25
DI ;2006;12;CAB;9.866;37.279;25;26;5;10;11;28;38
DI ;2006;13;EOGK;9.679;37.035;24;26;5;9;12;15;27
DI ;2006;14;ESHS;9.679;37.035;23;26;4;11;11;14;26
DI ;2007;1;CA;10.189;36.804;63;26;19;6;1;37;12
DI ;2007;2;ESS;10.624;35.829;61;26;18;7;1;40;9
DI ;2007;3;EST;10.187;36.814;46;26;14;4;8;36;18
DI ;2007;4;USMO;10.819;35.775;36;26;10;6;10;27;32
DI ;2007;5;ST;10.127;36.816;36;26;10;6;10;24;34
DI ;2007;6;EGSG;10.753;34.726;35;26;11;2;13;35;31
DI ;2007;7;ASM;10.320;36.875;33;26;9;6;11;26;30
DI ;2007;8;CAB;9.866;37.279;33;26;9;6;11;25;30
DI ;2007;9;CSHL;10.346;36.728;32;26;9;5;12;24;28
DI ;2007;10;CSS;10.753;34.726;29;26;7;10;9;28;29
DI ;2007;11;OB;9.193;36.728;28;26;7;7;12;21;26
DI ;2007;12;JS;8.629;35.845;27;26;6;9;11;18;30
DI ;2007;13;SG;10.099;33.848;23;26;5;8;13;21;34
DI ;2007;14;ESZ;10.187;36.814;16;26;2;10;14;12;31
DI ;2008;1;EST;10.187;36.814;60;26;18;6;2;50;21
DI ;2008;2;CA;10.189;36.804;57;26;16;9;1;39;14
DI ;2008;3;ESS;10.624;35.829;53;26;15;8;3;48;17
DI ;2008;4;CSS;10.753;34.726;43;26;11;10;5;33;24
DI ;2008;5;USMO;10.819;35.775;35;26;9;8;9;23;24
DI ;2008;6;ST;10.127;36.816;34;26;9;7;10;30;31
DI ;2008;7;CSHL;10.346;36.728;30;26;8;6;12;28;43
DI ;2008;8;ESHS;9.679;37.035;26;26;4;14;8;20;26
DI ;2008;9;CAB;9.866;37.279;26;26;5;11;10;15;25
DI ;2008;10;OB;9.193;36.728;25;26;6;7;13;13;24
DI ;2008;11;EGSG;10.753;34.726;25;26;4;13;9;18;33
DI ;2008;12;ASK;10.099;33.848;24;26;5;9;12;16;26
DI ;2008;13;ASM;10.320;36.875;22;26;4;10;12;14;24
DI ;2008;14;JS;8.629;35.845;21;26;3;12;11;11;26
DI ;2009;1;EST;10.187;36.814;54;26;16;6;4;56;24
DI ;2009;2;CA;10.189;36.804;50;26;14;8;4;28;15
DI ;2009;3;ESS;10.624;35.829;46;26;13;7;6;41;27
DI ;2009;4;CAB;9.866;37.279;40;26;11;7;8;36;33
DI ;2009;5;ST;10.127;36.816;39;26;10;9;7;22;16
DI ;2009;6;CSS;10.753;34.726;37;26;10;7;9;32;26
DI ;2009;7;OB;9.193;36.728;32;26;8;8;10;28;32
DI ;2009;8;JSK;10.073;35.670;31;26;9;4;13;22;34
DI ;2009;9;CSHL;10.346;36.728;30;26;8;6;12;30;31
DI ;2009;10;ESZ;10.187;36.814;29;26;6;11;9;16;23
DI ;2009;11;EGSG;10.753;34.726;28;26;7;7;12;29;39
DI ;2009;12;ESHS;9.679;37.035;27;26;7;6;13;28;36
DI ;2009;13;ASK;10.099;33.848;27;26;8;3;15;22;46
DI ;2009;14;USMO;10.819;35.775;26;26;5;11;10;25;30
DI ;2010;1;EST;10.187;36.814;64;26;20;4;2;50;18
DI ;2010;2;ESS;10.624;35.829;44;26;19;2;5;49;24
DI ;2010;3;CSS;10.753;34.726;35;26;12;8;6;32;23
DI ;2010;4;CA;10.189;36.804;35;26;8;11;7;32;27
DI ;2010;5;CAB;9.866;37.279;35;26;10;5;11;23;29
DI ;2010;6;CSHL;10.346;36.728;34;26;9;7;10;23;31
DI ;2010;7;ST;10.127;36.816;33;26;8;9;9;26;30
DI ;2010;8;EGSG;10.753;34.726;32;26;8;8;10;28;34
DI ;2010;9;JSK;10.073;35.670;31;26;8;7;11;28;29
DI ;2010;10;OB;9.193;36.728;29;26;6;11;9;25;29
DI ;2010;11;ASM;10.320;36.875;29;26;7;8;11;26;34
DI ;2010;12;ESZ;10.187;36.814;27;26;6;9;11;22;24
DI ;2010;13;ASG;10.099;33.848;24;26;6;6;14;19;32
DI ;2010;14;ESHS;9.679;37.035;20;26;5;5;16;19;38
DI ;2011;1;EST;10.187;36.814;69;30;22;3;5;61;22
DI ;2011;2;CAB;9.866;37.279;65;30;20;5;5;54;25
DI ;2011;3;CSS;10.753;34.726;56;30;15;11;4;48;26
DI ;2011;4;ESS;10.624;35.829;49;30;13;10;7;33;22
DI ;2011;5;ASM;10.320;36.875;47;30;12;11;7;39;28
DI ;2011;6;CA;10.189;36.804;42;30;10;12;8;36;30
DI ;2011;7;USMO;10.819;35.775;36;30;7;15;8;31;34
DI ;2011;8;OB;9.193;36.728;36;30;8;10;12;31;35
DI ;2011;9;ST;10.127;36.816;36;30;9;9;12;30;37
DI ;2011;10;EGSG;10.753;34.726;36;30;9;9;12;27;38
DI ;2011;11;ESHS;9.679;37.035;35;30;8;11;11;29;37
DI ;2011;12;JSK;10.073;35.670;33;30;8;9;13;29;38
DI ;2011;13;ESZ;10.187;36.814;31;30;7;9;14;35;51
DI ;2011;14;CSHL;10.346;36.728;31;30;8;7;15;28;46
DI ;2011;15;ASG;10.099;33.848;22;30;4;10;16;24;45
DI ;2011;16;ESBK;9.679;37.035;21;30;4;9;17;24;44
DI ;2012;1;CSS;10.753;34.726;28;14;8;4;2;20;9
DI ;2012;2;EST;10.187;36.814;29;14;9;2;3;27;12
DI ;2012;3;ESS;10.624;35.829;25;14;7;4;3;23;12
DI ;2012;4;CA;10.189;36.804;29;14;8;5;1;16;8
DI ;2012;5;USMO;10.819;35.775;21;14;5;6;3;17;12
DI ;2012;6;CAB;9.866;37.279;29;14;8;5;1;18;5
DI ;2012;7;ASM;10.320;36.875;19;14;5;4;5;16;15
DI ;2012;8;CSHL;10.346;36.728;17;14;4;5;5;11;13
DI ;2012;9;ST;10.127;36.816;17;14;4;5;5;11;11
DI ;2012;10;JSK;10.073;35.670;15;14;3;6;5;10;17
DI ;2012;11;SG;10.099;33.848;15;14;3;6;5;13;19
DI ;2012;12;OB;9.193;36.728;13;14;3;4;7;11;16
DI ;2012;13;EGSG;10.753;34.726;14;14;4;2;8;12;18
DI ;2012;14;ESZ;10.187;36.814;12;14;2;6;6;8;15
DI ;2012;15;ESHS;9.679;37.035;13;14;3;4;7;11;24
DI ;2012;16;OK;8.698;36.177;5;14;1;1;11;7;25
DI ;2013;1;EST;10.187;36.814;66;30;19;9;2;48;15
DI ;2013;2;CSS;10.753;34.726;57;30;17;6;7;36;20
DI ;2013;3;ESS;10.624;35.829;56;30;15;11;4;36;15
DI ;2013;4;CA;10.189;36.804;54;30;15;9;6;29;20
DI ;2013;5;ASM;10.320;36.875;42;30;12;6;12;28;27
DI ;2013;6;CAB;9.866;37.279;41;30;9;14;7;29;20
DI ;2013;7;SG;10.099;33.848;40;30;9;13;8;27;23
DI ;2013;8;JSK;10.073;35.670;35;30;8;11;11;26;25
DI ;2013;9;ESMetl;8.402;34.314;35;30;7;14;9;21;26
DI ;2013;10;USMO;10.819;35.775;34;30;9;7;14;28;32
DI ;2013;11;CSHL;10.346;36.728;34;30;9;7;14;20;32
DI ;2013;12;EGSG;10.753;34.726;34;30;9;7;14;25;39
DI ;2013;13;ST;10.127;36.816;32;30;9;5;16;19;33
DI ;2013;14;OB;9.193;36.728;29;30;5;14;11;22;32
DI ;2013;15;LPST;10.165;36.804;29;30;6;11;13;23;35
DI ;2013;16;GS;8.629;35.845;26;30;6;8;16;23;46
DI ;2014;1;CA;10.189;36.804;65;30;20;5;5;50;18
DI ;2014;2;ESS;10.624;35.829;63;30;19;7;4;47;17
DI ;2014;3;EST;10.187;36.814;60;30;17;9;4;52;21
DI ;2014;4;CSS;10.753;34.726;47;30;11;14;5;35;21
DI ;2014;5;ESZ;10.187;36.814;45;30;11;12;7;35;25
DI ;2014;6;ST;10.127;36.816;43;30;13;7;10;29;32
DI ;2014;7;ASM;10.320;36.875;43;30;10;13;7;32;37
DI ;2014;8;CAB;9.866;37.279;41;30;9;14;7;21;21
DI ;2014;9;JSK;10.073;35.670;38;30;9;11;10;32;33
DI ;2014;10;SG;10.099;33.848;37;30;9;10;11;20;28
DI ;2014;11;CSHL;10.346;36.728;36;30;9;9;12;30;35
DI ;2014;12;ESMetl;8.402;34.314;32;30;7;8;14;24;40
DI ;2014;13;EGSG;10.753;34.726;30;30;6;12;12;26;39
DI ;2014;14;USMO;10.819;35.775;25;30;3;16;11;20;31
DI ;2014;15;ASG;10.099;33.848;19;30;5;4;21;21;44
DI ;2014;16;ASD;10.191;36.854;17;30;4;5;21;23;56
DI ;2015;1;ESS;10.624;35.829;77;30;24;5;1;57;17
DI ;2015;2;EST;10.187;36.814;72;30;23;3;4;60;21
DI ;2015;3;CSS;10.753;34.726;72;30;23;3;4;57;21
DI ;2015;4;ESMetl;8.402;34.314;49;30;15;4;11;36;26
DI ;2015;5;CAB;9.866;37.279;41;30;11;8;11;21;21
DI ;2015;6;CA;10.189;36.804;39;30;11;6;13;42;38
DI ;2015;7;COSB;9.491;35.033;37;30;11;4;15;25;38
DI ;2015;8;CSHL;10.346;36.728;36;30;10;6;14;27;32
DI ;2015;9;JSK;10.073;35.670;36;30;10;6;14;27;37
DI ;2015;10;ASM;10.320;36.875;34;30;9;7;14;25;35
DI ;2015;11;USBG;11.206;33.153;33;30;8;9;13;21;30
DI ;2015;12;SG;10.099;33.848;33;30;8;9;13;28;35
DI ;2015;13;ESZ;10.187;36.814;33;30;8;9;13;30;39
DI ;2015;14;EGSG;10.753;34.726;30;30;6;12;12;31;41
DI ;2015;15;ASK;10.099;33.848;23;30;5;8;17;17;49
DI ;2015;16;ST;10.127;36.816;18;30;4;9;17;17;41
